update ranks set name = 'Webelos (First Year)' where _id = 4;
insert into ranks values (5, 'Webelos (Second Year)');
insert into items (_id, type, rank_id, number, title) values (282, 'A', 5, 1, 'Be active in your Webelos den');
insert into groups (_id, item_id, name, number, qty_required) values (312, 282, null, 1, 1);
insert into parts (group_id, number, description) values (312, 1, 'Be active in your Webelos den for at least six months since completing the fourth grade (or for at least six months since becoming 10 years old), and earn the Webelos badge.');
insert into items (_id, type, rank_id, number, title) values (283, 'A', 5, 2, 'Show your knowledge of the requirements to become a Boy Scout');
insert into groups (_id, item_id, name, number, qty_required) values (313, 283, null, 1, 5);
insert into parts (group_id, number, description) values (313, 1, 'Repeat from memory and explain in your own words the Scout Oath or Promise and the 12 points of the Scout Law. Tell how you have practiced them in your everyday life.');
insert into parts (group_id, number, description) values (313, 2, 'Give and explain the Scout motto, slogan, sign, salute, and handshake.');
insert into parts (group_id, number, description) values (313, 3, 'Understand the significance of the First Class Scout badge. Describe its parts and tell what each stands for.');
insert into parts (group_id, number, description) values (313, 4, 'Tell how a Boy Scout uniform is different from a Webelos Scout uniform.');
insert into parts (group_id, number, description) values (313, 5, 'Tie the joining knot (square knot)');
insert into items (_id, type, rank_id, number, title) values (284, 'A', 5, 3, 'Earn five more activity badges in addition to the three you already earned for the Webelos badge.');
insert into groups (_id, item_id, name, number, qty_required) values (314, 284, null, 1, 8);
insert into parts (group_id, number, description) values (314, 1, 'Fitness (already earned for the Webelos badge)');
insert into parts (group_id, number, description) values (314, 2, 'Citizen (already earned for the Webelos badge)');
insert into parts (group_id, number, description) values (314, 3, 'One of your choice (already earned for the Webelos badge)');
insert into parts (group_id, number, description) values (314, 4, 'Readyman');
insert into parts (group_id, number, description) values (314, 5, 'Outdoorsman');
insert into parts (group_id, number, description) values (314, 6, 'At least one from the Mental Skills Group');
insert into parts (group_id, number, description) values (314, 7, 'At least one from the Technology Group');
insert into parts (group_id, number, description) values (314, 8, 'One more of your choice');
insert into items (_id, type, rank_id, number, title) values (285, 'A', 5, 4, 'Troop visits');
insert into groups (_id, item_id, name, number, qty_required) values (315, 285, null, 1, 2);
insert into parts (group_id, number, description) values (315, 1, 'With your Webelos den, visit at least one Boy Scout troop meeting');
insert into parts (group_id, number, description) values (315, 2, 'With your Webelos den, visit at least one Boy Scout-oriented outdoor activity. (If you have already done this when you earned your Outdoorsman activity badge, you may not use it to fulfill requirements for your Arrow of Light Award.)');
insert into items (_id, type, rank_id, number, title) values (286, 'A', 5, 5, 'Camping or hiking');
insert into groups (_id, item_id, name, number, qty_required) values (316, 286, null, 1, 1);
insert into parts (group_id, number, description) values (316, 1, 'Participate in a Webelos overnight campout or day hike. (If you have already done this when you earned your Outdoorsman activity badge, you may not use it to fulfill requirements for your Arrow of Light Award requirements.)');
insert into items (_id, type, rank_id, number, title) values (287, 'A', 5, 6, 'Scoutmaster Conference');
insert into groups (_id, item_id, name, number, qty_required) values (317, 287, null, 1, 1);
insert into parts (group_id, number, description) values (317, 1, 'After you have completed all five of the above requirements, and after a talk with your Webelos den leader, arrange to visit, with your parent or guardian, a meeting of a Boy Scout troop you think you might like to join. Have a conference with the Scoutmaster.');
insert into items (_id, type, rank_id, number, title) values (288, 'A', 5, 7, 'Honesty');
insert into groups (_id, item_id, name, number, qty_required) values (318, 288, 'Character Connection', 1, 3);
insert into parts (group_id, number, description) values (318, 'a', 'Know: Say the Cub Scout Promise to your family. Discuss these questions with them. What is a promise? What does it mean to keep your word? What does it mean to be trustworthy? What does honesty mean?');
insert into parts (group_id, number, description) values (318, 'b', 'Commit: Discuss these questions with your family. Why is a promise important? Why is it important for people to trust you when you give your word? When might it be difficult to be truthful? List examples.');
insert into parts (group_id, number, description) values (318, 'c', 'Practice: Discuss with a family member why it is important to be trustworthy and honest. How can you do your best to be honest even when it is difficult?');
