INSERT INTO ranks VALUES (7, "Arrow of Light");
INSERT INTO ranks VALUES (8, 'Boy Scouts (Promoted Out)');
UPDATE ranks SET name = 'Webelos' where _id = 6;
UPDATE ranks SET name = 'Webelos (Old Program)' where _id = 4;
UPDATE ranks SET name = 'Webelos 2 (Old Program)' where _id = 5;
UPDATE dens SET rank_id = 8 WHERE rank_id = 6;

ALTER TABLE ranks ADD COLUMN hidden boolean;
ALTER TABLE items ADD COLUMN hidden boolean;
UPDATE ranks SET hidden = 0;
UPDATE ranks SET hidden = 1 WHERE _id in (4,8);

INSERT INTO items (_id, type, rank_id, number, title, image) VALUES (300, 'a', 1, 'a', 'Backyard Jungle', 'backyard_jungle');
INSERT INTO groups (_id, item_id, number, qty_required, notes) VALUES (320, 300, 1, -1, null);
INSERT INTO parts (group_id, number, description) VALUES (320, '1', 'Take a 1-foot hike. Make a list of the living things you find on your 1-foot hike.');
INSERT INTO parts (group_id, number, description) VALUES (320, '2', 'Point out two different kinds of birds that live in your area.');
INSERT INTO parts (group_id, number, description) VALUES (320, '3', 'Be helpful to plants and animals by planting a tree or other plant in your neighborhood.');
INSERT INTO parts (group_id, number, description) VALUES (320, '4', 'Build and hang a birdhouse.');
INSERT INTO parts (group_id, number, description) VALUES (320, '5', 'With your adult partner, go on a walk, and pick out two sounds you hear in your “jungle.”');
INSERT INTO items (_id, type, rank_id, number, title, image) VALUES (301, 'a', 1, 'b', 'Games Tigers Play', 'games_tigers_play');
INSERT INTO groups (_id, item_id, number, qty_required, notes) VALUES (321, 301, 1, -1, null);
INSERT INTO parts (group_id, number, description) VALUES (321, '1', 'Do the following:\n    a. Play two initiative or team-building games with the members of your den.\n    b. Listen carefully to your leader while the rules are being explained, and follow directions when playing.\n    c. At the end of the game, talk with the leader about what you learned when youplayed the game. Tell how you helped the den by playing your part.');
INSERT INTO parts (group_id, number, description) VALUES (321, '2', 'Make up a game with the members of your den.');
INSERT INTO parts (group_id, number, description) VALUES (321, '3', 'Make up a new game, and play it with your family or members of your den or pack.');
INSERT INTO parts (group_id, number, description) VALUES (321, '4', 'Find out how being active is part of being healthy. While at a sporting event, ask a player or coach why he or she thinks it is important to be active.');
INSERT INTO parts (group_id, number, description) VALUES (321, '5', 'Bring a nutritious snack to a den meeting. Share why you picked it and what makes it a good snack choice.');
INSERT INTO items (_id, type, rank_id, number, title, image) VALUES (302, 'a', 1, 'c', 'My Family’s Duty to God', 'my_familys_duty_to_god');
INSERT INTO groups (_id, item_id, number, qty_required, notes) VALUES (322, 302, 1, -1, null);
INSERT INTO parts (group_id, number, description) VALUES (322, '1', 'With your adult partner, find out what duty to God means to your family.');
INSERT INTO groups (_id, item_id, number, qty_required, notes) VALUES (323, 302, 2, 2, null);
INSERT INTO parts (group_id, number, description) VALUES (323, '2', 'Find out what makes each member of your family special.');
INSERT INTO parts (group_id, number, description) VALUES (323, '3', 'With your family, make a project that shows your family’s beliefs about God.');
INSERT INTO parts (group_id, number, description) VALUES (323, '4', 'Participate in a worship experience or activity with your family.');
INSERT INTO items (_id, type, rank_id, number, title, image) VALUES (303, 'a', 1, 'd', 'Team Tiger', 'team_tiger');
INSERT INTO groups (_id, item_id, number, qty_required, notes) VALUES (324, 303, 1, -1, null);
INSERT INTO parts (group_id, number, description) VALUES (324, '1', 'List the different teams of which you are a part.');
INSERT INTO parts (group_id, number, description) VALUES (324, '2', 'With your den, make a den job chart that shows everyone doing something to help. As one of the den jobs, lead the Pledge of Allegiance at a den meeting.');
INSERT INTO parts (group_id, number, description) VALUES (324, '3', 'Pick two chores you will do at home once a week for a month.');
INSERT INTO parts (group_id, number, description) VALUES (324, '4', 'Make a chart to show three ways that members of your Tiger team are different from each other.');
INSERT INTO parts (group_id, number, description) VALUES (324, '5', 'Do an activity to help your community or neighborhood team.');
INSERT INTO items (_id, type, rank_id, number, title, image) VALUES (304, 'a', 1, 'e', 'Tiger Bites', 'tiger_bites');
INSERT INTO groups (_id, item_id, number, qty_required, notes) VALUES (325, 304, 1, -1, null);
INSERT INTO parts (group_id, number, description) VALUES (325, '1', 'Identify three good food choices and three foods that would not be good choices.');
INSERT INTO parts (group_id, number, description) VALUES (325, '2', 'Show that you know the difference between a fruit and a vegetable. Eat one of each.');
INSERT INTO parts (group_id, number, description) VALUES (325, '3', 'With your adult partner, pick a job to help your family at mealtime. Do it every day for one week.');
INSERT INTO parts (group_id, number, description) VALUES (325, '4', 'Show you can keep yourself and your personal area clean.');
INSERT INTO parts (group_id, number, description) VALUES (325, '5', 'Talk with your adult partner about what foods you can eat with your fingers. Practice your manners when eating them.');
INSERT INTO parts (group_id, number, description) VALUES (325, '6', 'With your adult partner, plan and make a good snack choice or other nutritious food to share with your den.');
INSERT INTO items (_id, type, rank_id, number, title, image) VALUES (305, 'a', 1, 'f', 'Tigers in the Wild', 'tigers_in_the_wild');
INSERT INTO groups (_id, item_id, number, qty_required, notes) VALUES (326, 305, 1, -1, null);
INSERT INTO parts (group_id, number, description) VALUES (326, '1', 'With your adult partner, name and collect the Cub Scout Six Essentials you need for a hike. Tell your den leader what you would need to add to your list if it rains.');
INSERT INTO parts (group_id, number, description) VALUES (326, '2', 'Go for a short hike with your den or family, and carry your own gear. Show you know how to get ready for this hike.');
INSERT INTO parts (group_id, number, description) VALUES (326, '3', 'Do the following:\n    a. Listen while your leader reads the Outdoor Code. Talk about how you can be clean in your outdoor manners.\n    b. Listen while your leader reads the Leave No Trace Principles for Kids. Discuss why you should "Trash Your Trash."\n    c. Apply the Outdoor Code and Leave No Trace Principles for Kids on your Tiger den and pack outings. After one outing, share what you did to demonstrate the principles you discussed.');
INSERT INTO parts (group_id, number, description) VALUES (326, '4', 'While on the hike, find three different kinds of plants, animals, or signs that animals have beenon the trail. List what you saw in your Tiger Handbook.');
INSERT INTO parts (group_id, number, description) VALUES (326, '5', 'Participate in an outdoor pack meeting or pack campout campfire. Sing a song and act out a skit with your Tiger den as part of the program.');
INSERT INTO parts (group_id, number, description) VALUES (326, '6', 'Find two different trees and two different types of plants that grow in your area. Write their names in your Tiger Handbook.');
INSERT INTO parts (group_id, number, description) VALUES (326, '7', 'Visit a nearby nature center, zoo, or another outside place with your family or den. Learn more about two animals, and write down two interesting things about them in your Tiger Handbook.');
INSERT INTO items (_id, type, rank_id, number, title, image) VALUES (306, 'e', 1, '1', 'Curiosity, Intrigue, and Magical Mysteries', 'curiosity_intrigue_and_magical_mysteries');
INSERT INTO groups (_id, item_id, number, qty_required, notes) VALUES (327, 306, 1, -1, null);
INSERT INTO parts (group_id, number, description) VALUES (327, '1', 'Learn a magic trick. Practice your magic trick so you can perform it in front of an audience.');
INSERT INTO parts (group_id, number, description) VALUES (327, '2', 'Create an invitation to a magic show.');
INSERT INTO parts (group_id, number, description) VALUES (327, '3', 'With your den or with your family, put on a magic show for an audience.');
INSERT INTO parts (group_id, number, description) VALUES (327, '4', 'Create a secret code.');
INSERT INTO parts (group_id, number, description) VALUES (327, '5', 'With the other Scouts in your den or with your family, crack a code that you did not create.');
INSERT INTO parts (group_id, number, description) VALUES (327, '6', 'Spell your name using sign language, and spell your name in Braille.');
INSERT INTO parts (group_id, number, description) VALUES (327, '7', 'With the help of your adult partner, conduct a science demonstration that shows how magic works.');
INSERT INTO parts (group_id, number, description) VALUES (327, '8', 'Share what you learned from your science demonstration.');
INSERT INTO items (_id, type, rank_id, number, title, image) VALUES (307, 'e', 1, '2', 'Earning Your Stripes', 'earning_your_stripes');
INSERT INTO groups (_id, item_id, number, qty_required, notes) VALUES (328, 307, 1, -1, null);
INSERT INTO parts (group_id, number, description) VALUES (328, '1', 'Bring in and share with your den five items that are the color orange.');
INSERT INTO parts (group_id, number, description) VALUES (328, '2', 'Demonstrate loyalty over the next week at school or in your community. Share at your next den meeting how you were loyal to others.');
INSERT INTO parts (group_id, number, description) VALUES (328, '3', 'With your adult partner, decide on one new task you can do to help your family, and do it.');
INSERT INTO parts (group_id, number, description) VALUES (328, '4', 'Talk with your den and adult partner about polite language. Learn how to shake hands properly and introduce yourself.');
INSERT INTO parts (group_id, number, description) VALUES (328, '5', 'Play a game with your den. Then discuss how your den played politely.');
INSERT INTO parts (group_id, number, description) VALUES (328, '6', 'With your adult partner and den, work on a service project for your pack’s meeting place or chartered organization.');
INSERT INTO items (_id, type, rank_id, number, title, image) VALUES (308, 'e', 1, '3', 'Family Stories', 'family_stories');
INSERT INTO groups (_id, item_id, number, qty_required, notes) VALUES (329, 308, 1, -1, null);
INSERT INTO parts (group_id, number, description) VALUES (329, '1', 'Discuss with your adult partner and/or family where your family originated. Discuss their history, traditions, and culture—your family heritage. Share a story or bring something to share with your den about yourself and your family.');
INSERT INTO parts (group_id, number, description) VALUES (329, '2', 'Make a family crest.');
INSERT INTO parts (group_id, number, description) VALUES (329, '3', 'Visit your public library to find out information about your heritage.');
INSERT INTO parts (group_id, number, description) VALUES (329, '4', 'Interview one of your grandparents or another family elder, and share with your den what you found.');
INSERT INTO parts (group_id, number, description) VALUES (329, '5', 'Make a family tree.');
INSERT INTO parts (group_id, number, description) VALUES (329, '6', 'Share with your den how you got your name or what your name means.');
INSERT INTO parts (group_id, number, description) VALUES (329, '7', 'Share with your den your favorite snack or dessert that reflects your cultural heritage.');
INSERT INTO parts (group_id, number, description) VALUES (329, '8', 'Learn where your family came from, and locate it on a map. Share this information with your den. With the help of your adult partner, locate and write to a pen pal from that location.');
INSERT INTO items (_id, type, rank_id, number, title, image) VALUES (309, 'e', 1, '4', 'Floats and Boats', 'floats_and_boats');
INSERT INTO groups (_id, item_id, number, qty_required, notes) VALUES (330, 309, 1, -1, null);
INSERT INTO parts (group_id, number, description) VALUES (330, '1', 'Identify five different types of boats.');
INSERT INTO parts (group_id, number, description) VALUES (330, '2', 'Build a boat from recycled materials, and float it on the water.');
INSERT INTO parts (group_id, number, description) VALUES (330, '3', 'With your den, say the SCOUT water safety chant.');
INSERT INTO parts (group_id, number, description) VALUES (330, '4', 'Play the buddy game with your den.');
INSERT INTO parts (group_id, number, description) VALUES (330, '5', 'Show that you can put on and fasten a life jacket the correct way.');
INSERT INTO parts (group_id, number, description) VALUES (330, '6', 'Show how to safely help someone who needs assistance in the water, without having to enter the water yourself.');
INSERT INTO parts (group_id, number, description) VALUES (330, '7', 'Show how to enter the water safely, blow your breath out under the water, and do a prone glide.');
INSERT INTO items (_id, type, rank_id, number, title, image) VALUES (310, 'e', 1, '5', 'Good Knights', 'good_knights');
INSERT INTO groups (_id, item_id, number, qty_required, notes) VALUES (331, 310, 1, -1, null);
INSERT INTO parts (group_id, number, description) VALUES (331, '1', 'Do the following:\n    a. With your den or adult partner, say the Scout Law. Explain to your den one of the 12 points of the Law and why you think a knight would have the same behavior.\n    b. If you have not already done so, make a code of conduct with your den that will describe how each person should act when you are all together. If your den has a code of conduct, discuss with your den the updates it might need. Vote on which actions should go in your den code of conduct.');
INSERT INTO parts (group_id, number, description) VALUES (331, '2', 'Create a den shield and a personal shield.');
INSERT INTO parts (group_id, number, description) VALUES (331, '3', 'Using recycled materials, design and build a small castle with your adult partner to display at the pack meeting.');
INSERT INTO parts (group_id, number, description) VALUES (331, '4', 'Think of one physical challenge that could be part of an obstacle course. Then help your den design a Tiger knight obstacle course. With your adult partner, participate in the course.');
INSERT INTO parts (group_id, number, description) VALUES (331, '5', 'Participate in a service project.');
INSERT INTO items (_id, type, rank_id, number, title, image) VALUES (311, 'e', 1, '6', 'Rolling Tigers', 'rolling_tigers');
INSERT INTO groups (_id, item_id, number, qty_required, notes) VALUES (332, 311, 1, -1, null);
INSERT INTO parts (group_id, number, description) VALUES (332, '1', 'With your den or adult partner, discuss two different types of bicycles and their uses.');
INSERT INTO parts (group_id, number, description) VALUES (332, '2', 'With your den or adult partner, try on safety gear you should use while riding your bike. Show how to wear a bicycle helmet properly.');
INSERT INTO parts (group_id, number, description) VALUES (332, '3', 'With your den or adult partner, learn and demonstrate safety tips to follow when riding your bicycle.');
INSERT INTO parts (group_id, number, description) VALUES (332, '4', 'Learn and demonstrate proper hand signals.');
INSERT INTO parts (group_id, number, description) VALUES (332, '5', 'With your den or adult partner, do a safety check on your bicycle.');
INSERT INTO parts (group_id, number, description) VALUES (332, '6', 'With your den or family, go on a bicycle hike wearing your safety equipment. Follow the bicycling safety and traffic laws.');
INSERT INTO parts (group_id, number, description) VALUES (332, '7', 'Learn about a famous bicycle race or famous cyclist. Share what you learn with your den.');
INSERT INTO parts (group_id, number, description) VALUES (332, '8', 'Visit your local or state police department to learn about bicycle-riding laws.');
INSERT INTO parts (group_id, number, description) VALUES (332, '9', 'Identify two jobs that use bicycles.');
INSERT INTO items (_id, type, rank_id, number, title, image) VALUES (312, 'e', 1, '7', 'Sky Is the Limit', 'sky_is_the_limit');
INSERT INTO groups (_id, item_id, number, qty_required, notes) VALUES (333, 312, 1, -1, null);
INSERT INTO parts (group_id, number, description) VALUES (333, '1', 'With your den or adult partner, go outside to observe the night sky. Talk about objects you see or might see.');
INSERT INTO parts (group_id, number, description) VALUES (333, '2', 'Look at a distant object through a telescope or binoculars. Show how to focus the device you chose.');
INSERT INTO parts (group_id, number, description) VALUES (333, '3', 'Observe in the sky or select from a book or chart two constellations that are easy to see in the night sky. With your adult partner, find out the names of the stars that make up the constellation and how the constellation got its name. Share what you found with your den.');
INSERT INTO parts (group_id, number, description) VALUES (333, '4', 'Create and name your own constellation. Share your constellation with your den.');
INSERT INTO parts (group_id, number, description) VALUES (333, '5', 'Create a homemade constellation.');
INSERT INTO parts (group_id, number, description) VALUES (333, '6', 'Find out about two different jobs related to astronomy. Share this information with your den.');
INSERT INTO parts (group_id, number, description) VALUES (333, '7', 'Find out about two astronauts who were Scouts when they were younger. Share what you learned with your den.');
INSERT INTO parts (group_id, number, description) VALUES (333, '8', 'With your den or family, visit a planetarium, observatory, science museum, astronomy club, or college or high school astronomy teacher. Before you go, write down questions you might want to ask. Share what you learned.');
INSERT INTO items (_id, type, rank_id, number, title, image) VALUES (313, 'e', 1, '8', 'Stories in Shapes', 'stories_in_shapes');
INSERT INTO groups (_id, item_id, number, qty_required, notes) VALUES (334, 313, 1, -1, null);
INSERT INTO parts (group_id, number, description) VALUES (334, '1', 'Visit an art gallery or a museum, explore an art website, or visit your library. Do each of the following:\n    a. Look at pictures of some abstract art with your den or family. Decide what you like about the art, and share your ideas with the other Tigers.\n    b. Create an art piece.');
INSERT INTO parts (group_id, number, description) VALUES (334, '2', 'Do the following:\n    a. Draw or create an art piece using shapes.\n    b. Use tangrams to create shapes.');
INSERT INTO items (_id, type, rank_id, number, title, image) VALUES (314, 'e', 1, '9', 'Tiger-iffic!', 'tiger_iffic');
INSERT INTO groups (_id, item_id, number, qty_required, notes) VALUES (335, 314, 1, -1, null);
INSERT INTO parts (group_id, number, description) VALUES (335, '1', 'Play at least two different games by yourself; one may be a video game.');
INSERT INTO parts (group_id, number, description) VALUES (335, '2', 'Play a board game or another inside game with one or more members of your den.');
INSERT INTO parts (group_id, number, description) VALUES (335, '3', 'Play a problem-solving game with your den.');
INSERT INTO groups (_id, item_id, number, qty_required, notes) VALUES (336, 314, 2, 1, null);
INSERT INTO parts (group_id, number, description) VALUES (336, '4', 'With your parent’s or guardian’s permission:\n    a. Play a video game with family members in a family tournament.\n    b. List at least three tips that would help someone who was learning how to play your favorite video game.\n    c. Play an appropriate video game with a friend for 30 minutes.');
INSERT INTO parts (group_id, number, description) VALUES (336, '5', 'With other members of your den, invent a game, OR change the rules of a game you know, and play the game.');
INSERT INTO parts (group_id, number, description) VALUES (336, '6', 'Play a team game with your den.');
INSERT INTO items (_id, type, rank_id, number, title, image) VALUES (315, 'e', 1, '10', 'Tiger: Safe and Smart', 'tiger_safe_and_smart');
INSERT INTO groups (_id, item_id, number, qty_required, notes) VALUES (337, 315, 1, -1, null);
INSERT INTO parts (group_id, number, description) VALUES (337, '1', 'Do the following:\n    a. Memorize your address, and say it to your den leader or adult partner.\n    b. Memorize an emergency contact’s phone number, and say it to your den leader or adult partner.\n    c. Take the 911 safety quiz.');
INSERT INTO parts (group_id, number, description) VALUES (337, '2', 'Do the following:\n    a. Show you can "Stop, Drop, and Roll."\n    b. Show you know how to safely roll someone else in a blanket to put out a fire.');
INSERT INTO parts (group_id, number, description) VALUES (337, '3', 'Make a fire escape map with your adult partner.');
INSERT INTO parts (group_id, number, description) VALUES (337, '4', 'Explain your fire escape map, and try a practice fire drill at home.');
INSERT INTO parts (group_id, number, description) VALUES (337, '5', 'Find the smoke detectors in your home. With the help of your adult partner, check the batteries.');
INSERT INTO parts (group_id, number, description) VALUES (337, '6', 'Visit an emergency responder station, or have an emergency responder visit you.');
INSERT INTO items (_id, type, rank_id, number, title, image) VALUES (316, 'e', 1, '11', 'Tiger Tag', 'tiger_tag');
INSERT INTO groups (_id, item_id, number, qty_required, notes) VALUES (338, 316, 1, -1, null);
INSERT INTO parts (group_id, number, description) VALUES (338, '1', 'Choose one active game you like, and tell your den about it.');
INSERT INTO parts (group_id, number, description) VALUES (338, '2', 'Do the following:\n    a. Play two relay games with your den and your adult partner.\n    b. Tell your partner or the other Tigers what you liked best about each game.\n    c. Have your den choose a relay game that everyone would like to play, and play it several times.');
INSERT INTO parts (group_id, number, description) VALUES (338, '3', 'With your adult partner, select an active outside game that you could play with the members of your den. Talk about your game at the den meeting. With your den, decide on a game to play.');
INSERT INTO parts (group_id, number, description) VALUES (338, '4', 'Play the game that your den has chosen. After the game, discuss with your den leader the meaning of being a good sport.');
INSERT INTO items (_id, type, rank_id, number, title, image) VALUES (317, 'e', 1, '12', 'Tiger Tales', 'tiger_tales');
INSERT INTO groups (_id, item_id, number, qty_required, notes) VALUES (339, 317, 1, -1, null);
INSERT INTO parts (group_id, number, description) VALUES (339, '1', 'Create a tall tale with your den.');
INSERT INTO parts (group_id, number, description) VALUES (339, '2', 'Create your own tall tale. Share your tall tale with your den.');
INSERT INTO parts (group_id, number, description) VALUES (339, '3', 'Read a tall tale with your adult partner.');
INSERT INTO parts (group_id, number, description) VALUES (339, '4', 'Create a piece of art from a scene in the tall tale you have read, using your choice of materials. Share it with your den.');
INSERT INTO parts (group_id, number, description) VALUES (339, '5', 'Play a game from the past.');
INSERT INTO parts (group_id, number, description) VALUES (339, '6', 'Sing two folk songs.');
INSERT INTO parts (group_id, number, description) VALUES (339, '7', 'Visit a historical museum or landmark with your adult partner.');
INSERT INTO items (_id, type, rank_id, number, title, image) VALUES (318, 'e', 1, '13', 'Tiger Theater', 'tiger_theater');
INSERT INTO groups (_id, item_id, number, qty_required, notes) VALUES (340, 318, 1, -1, null);
INSERT INTO parts (group_id, number, description) VALUES (340, '1', 'With your den, discuss the following types of theater: puppet shows, reader’s theater, and pantomime.');
INSERT INTO parts (group_id, number, description) VALUES (340, '2', 'As a den, play a game of one-word charades with your adult partners.');
INSERT INTO parts (group_id, number, description) VALUES (340, '3', 'Make a puppet to show your den or display at a pack meeting.');
INSERT INTO parts (group_id, number, description) VALUES (340, '4', 'Perform a simple reader’s theater. Make a mask afterward to show what your character looks like.');
INSERT INTO parts (group_id, number, description) VALUES (340, '5', 'Watch a play or attend a story time at a library.');
INSERT INTO items (_id, type, rank_id, number, title, image) VALUES (319, 'a', 2, 'a', 'Call of the Wild', 'call_of_the_wild');
INSERT INTO groups (_id, item_id, number, qty_required, notes) VALUES (341, 319, 1, -1, null);
INSERT INTO parts (group_id, number, description) VALUES (341, '1', 'While a Wolf Scout, attend a pack or family campout. If your chartered organization does not permit Cub Scout camping, you may substitute a family campout or a daylong outdoor activity with your den or pack.');
INSERT INTO parts (group_id, number, description) VALUES (341, '2', 'Show how to tie an overhand knot and a square knot.');
INSERT INTO parts (group_id, number, description) VALUES (341, '3', 'While on a den or family outing, identify four different types of animals. Explain how you identified them.');
INSERT INTO parts (group_id, number, description) VALUES (341, '4', 'With your family or den, make a list of possible weather changes that might happen on your campout according to the time of year you are camping. Tell how you will be prepared for each one.');
INSERT INTO parts (group_id, number, description) VALUES (341, '5', 'Show or demonstrate what to do:\n    a. When a stranger approaches you, your family, or your belongings.\n    b. In case of a natural disaster such as an earthquake or flood.\n    c. To keep from spreading your germs.');
INSERT INTO parts (group_id, number, description) VALUES (341, '6', 'On the campout, participate with your family or den in a campfire show. Prepare a skit or song, and then present it at the campfire for everyone else.');
INSERT INTO parts (group_id, number, description) VALUES (341, '7', 'Do the following:\n    a. Recite the Outdoor Code with your leader.\n    b. Recite the Leave No Trace Principles for Kids with your leader. Talk about how these principles support the Outdoor Code.\n    c. After your campout, list the ways you demonstrated being careful with fire.');
INSERT INTO items (_id, type, rank_id, number, title, image) VALUES (320, 'a', 2, 'b', 'Council Fire', 'council_fire');
INSERT INTO groups (_id, item_id, number, qty_required, notes) VALUES (342, 320, 1, -1, null);
INSERT INTO parts (group_id, number, description) VALUES (342, '1', 'Participate in a flag ceremony, and learn how to properly care for and fold a flag.');
INSERT INTO parts (group_id, number, description) VALUES (342, '2', 'Work with your den to develop a den duty chart, and perform these tasks for one month.');
INSERT INTO parts (group_id, number, description) VALUES (342, '3', 'Do the following:\n    a. Learn about the changes in your community, and create a project to show your den how the community has changed.\n    b. Select one issue in your community, and present to your den your ideas for a solution to the problem.');
INSERT INTO parts (group_id, number, description) VALUES (342, '4', 'Do the following:\n    a. Attend the pack committee leaders’ meeting. Present ideas to the pack committee regarding your service project.\n    b. Work together on a community service project.');
INSERT INTO parts (group_id, number, description) VALUES (342, '5', 'Talk to a military veteran, law enforcement officer, member of the fire department, or someone else who works for the community. Talk about his or her service to the community. After you have visited with the individual, write a short thank you note.');
INSERT INTO parts (group_id, number, description) VALUES (342, '6', 'Do the following:\n    a. Learn about the three R’s of recycling: reduce, reuse, and recycle. Discover a way to do each of these at home, at school, or in your community.\n    b. Make your own recycling center, or contribute to an existing one.\n    c. Create a den project from recyclables for a pack meeting.');
INSERT INTO items (_id, type, rank_id, number, title, image) VALUES (321, 'a', 2, 'c', 'Duty to God Footsteps', 'duty_to_god_footsteps');
INSERT INTO groups (_id, item_id, number, qty_required, notes) VALUES (343, 321, 1, 2, null);
INSERT INTO parts (group_id, number, description) VALUES (343, '1', 'Do both of these:\n    a. Visit a religious monument or site where people might show reverence.\n    b. Create a visual display of your visit with your den or your family, and show how it made you feel reverent or helped you better understand your duty to God.');
INSERT INTO parts (group_id, number, description) VALUES (343, '2', 'Complete 2a and at least two of requirements 2b–2d.\n    a. Give two ideas on how you can practice your duty to God. Choose one, and do it for a week.\n    b. Read a story about people or groups of people who came to America to enjoy religious freedom.\n    c. Learn and sing a song that could be sung in reverence before or after meals or one that gives encouragement, reminds you of how to show reverence, or demonstrates your duty to God.\n    d. Offer a prayer, meditation, or reflection with your family, den, or pack.');
INSERT INTO items (_id, type, rank_id, number, title, image) VALUES (322, 'a', 2, 'd', 'Howling at the Moon', 'howling_at_the_moon');
INSERT INTO groups (_id, item_id, number, qty_required, notes) VALUES (344, 322, 1, -1, null);
INSERT INTO parts (group_id, number, description) VALUES (344, '1', 'Show you can communicate in at least two different ways.');
INSERT INTO parts (group_id, number, description) VALUES (344, '2', 'Work with your den to create an original skit.');
INSERT INTO parts (group_id, number, description) VALUES (344, '3', 'Work together with your den to plan, prepare, and rehearse a campfire program to present to your families at a den meeting.');
INSERT INTO parts (group_id, number, description) VALUES (344, '4', 'Practice and perform your role for a pack campfire program.');
INSERT INTO items (_id, type, rank_id, number, title, image) VALUES (323, 'a', 2, 'e', 'Paws on the Path', 'paws_on_the_path');
INSERT INTO groups (_id, item_id, number, qty_required, notes) VALUES (345, 323, 1, -1, null);
INSERT INTO parts (group_id, number, description) VALUES (345, '1', 'Show you are prepared to hike safely by putting together the Cub Scout Six Essentials to take along on your hike.');
INSERT INTO parts (group_id, number, description) VALUES (345, '2', 'Tell what the buddy system is and why we always use it in Cub Scouts.');
INSERT INTO parts (group_id, number, description) VALUES (345, '3', 'Describe what you should do if you get separated from your group while hiking.');
INSERT INTO parts (group_id, number, description) VALUES (345, '4', 'Choose the appropriate clothing to wear on your hike based on the expected weather.');
INSERT INTO parts (group_id, number, description) VALUES (345, '5', 'Before hiking, recite the Outdoor Code and the Leave No Trace Principles for Kids with your leader. After hiking, discuss how you showed respect for wildlife.');
INSERT INTO parts (group_id, number, description) VALUES (345, '6', 'Go on a 1-mile hike with your den or family. Watch and record two interesting things that you’ve never seen before.');
INSERT INTO parts (group_id, number, description) VALUES (345, '7', 'Name two birds, two bugs, and two animals that live in your area. Explain how you identified them.');
INSERT INTO parts (group_id, number, description) VALUES (345, '8', 'Draw a map of an area near where you live using common map symbols. Show which direction is north on your map.');
INSERT INTO items (_id, type, rank_id, number, title, image) VALUES (324, 'a', 2, 'f', 'Running With the Pack', 'running_with_the_pack');
INSERT INTO groups (_id, item_id, number, qty_required, notes) VALUES (346, 324, 1, -1, null);
INSERT INTO parts (group_id, number, description) VALUES (346, '1', 'Play catch with someone in your den or family who is standing 10 steps away from you. Play until you can throw and catch successfully at this distance. Take a step back, and see if you can improve your throwing and catching ability.');
INSERT INTO parts (group_id, number, description) VALUES (346, '2', 'Practice balancing as you walk forward, backward, and sideways.');
INSERT INTO parts (group_id, number, description) VALUES (346, '3', 'Practice flexibility and balance by doing a front roll, a back roll, and a frog stand.');
INSERT INTO parts (group_id, number, description) VALUES (346, '4', 'Play a sport or game with your den or family, and show good sportsmanship.');
INSERT INTO parts (group_id, number, description) VALUES (346, '5', 'Do at least two of the following: frog leap, inchworm walk, kangaroo hop, or crab walk.');
INSERT INTO parts (group_id, number, description) VALUES (346, '6', 'Demonstrate what it means to eat a balanced diet by helping to plan a healthy menu for a meal for your family. Make a shopping list of the food used to prepare the meal.');
INSERT INTO items (_id, type, rank_id, number, title, image) VALUES (325, 'e', 2, '1', 'Adventures in Coins', 'adventures_in_coins');
INSERT INTO groups (_id, item_id, number, qty_required, notes) VALUES (347, 325, 1, -1, null);
INSERT INTO parts (group_id, number, description) VALUES (347, '1', 'Identify different parts of a coin.');
INSERT INTO parts (group_id, number, description) VALUES (347, '2', 'Find the mint mark on a coin; identify what mint facility it was made in and what year it was made.');
INSERT INTO parts (group_id, number, description) VALUES (347, '3', 'Play a coin game.');
INSERT INTO parts (group_id, number, description) VALUES (347, '4', 'Choose a coin that interests you, and make a coin rubbing. List information next to the coin detailing the pictures on it, the year it was made, and the mint where it was made.');
INSERT INTO parts (group_id, number, description) VALUES (347, '5', 'Play a game or create a game board with your den or family where you can practice adding and subtracting coins.');
INSERT INTO parts (group_id, number, description) VALUES (347, '6', 'Create a balance scale.');
INSERT INTO parts (group_id, number, description) VALUES (347, '7', 'Do a coin-weight investigation.');
INSERT INTO items (_id, type, rank_id, number, title, image) VALUES (326, 'e', 2, '2', 'Air of the Wolf', 'air_of_the_wolf');
INSERT INTO groups (_id, item_id, number, qty_required, notes) VALUES (348, 326, 1, -1, null);
INSERT INTO parts (group_id, number, description) VALUES (348, '1', 'Do the following investigations:\n    a. Conduct an investigation about the weight of air.\n    b. Conduct an investigation about air temperature.\n    c. Conduct at least one of the following investigations to see how air affects different objects:\n        i. Make a paper airplane and fly it five times. Make a change to its shape to help it fly farther. Try it at least five times.\n        ii. Make a balloon-powered sled or a balloon-powered boat. Test your sled or boat with larger and smaller balloons.\n        iii. Bounce a basketball that doesn’t have enough air in it. Then bounce it when it has the right amount of air in it. Do each one 10 times. Describe how the ball bounces differently when the amount of air changes.\n        iv. Roll a tire or ball that doesn’t have enough air in it, and then roll it again with the right amount of air. Describe differences in how they move.');
INSERT INTO parts (group_id, number, description) VALUES (348, '2', 'Do the following:\n    a. With other members of your den, go outside and record the sounds you hear. Identify which of these sounds is the result of moving air.\n    b. Create a musical wind instrument, and play it as part of a den band.\n    c. With an adult, conduct an investigation on how speed can affect sound.');
INSERT INTO parts (group_id, number, description) VALUES (348, '3', 'Do the following:\n    a. Explain the rules for safely flying kites.\n    b. Make a kite using household materials.');
INSERT INTO parts (group_id, number, description) VALUES (348, '4', 'With your family, den, or pack, participate in a kite derby, space derby, or raingutter regatta. Explain how air helps the vehicle move.');
INSERT INTO items (_id, type, rank_id, number, title, image) VALUES (327, 'e', 2, '3', 'Code of the Wolf', 'code_of_the_wolf');
INSERT INTO groups (_id, item_id, number, qty_required, notes) VALUES (349, 327, 1, -1, null);
INSERT INTO parts (group_id, number, description) VALUES (349, '1', 'Do two of the following:\n    a. With the members of your den or family, make a game with simple materials that requires math to keep score.\n    b. Play a game of “Go Fish for 10s.”\n    c. Do five activities at home, at school, or in your den that use mathematics, and then explain to your den how you used everyday math.\n    d. Make a rekenrek with two rows, and show Akela how you would represent the numbers 4, 6, 9, and 14.\n    e. Make a rain gauge or some other measuring device, and use it.');
INSERT INTO parts (group_id, number, description) VALUES (349, '2', 'Do one of the following:\n    a. With other members of your den or family, identify three different types of shapes that you see in nature.\n    b. With other members of your den or family, identify two shapes you can see in the construction of bridges.\n    c. Select a single shape or figure. Observe the world around you for at least a week, and write down where you see this shape or figure and how it is used.');
INSERT INTO parts (group_id, number, description) VALUES (349, '3', 'Do one of the following:\n    a. With your den, find something that comes with many small, colored items in one package. Count the number of items of each color in your package. Keep track of each color. Then:\n        i. Draw a graph showing the number of items of each color.\n        ii. Determine what the most common color is.\n        iii. Compare your results to the other boys’.\n        iv. Predict how many items of each color you will find in one more package.\n    v. Decide if your prediction was close.\n    b. With your den or family, measure the height of everyone in the group and see who takes more steps to walk 100 feet.\n    c. Have each member in your den shoot a basketball. Count the number of shots it takes to make five baskets. Graph the number of shots it takes for each boy using 5, 6–10, 11– 15, 16–20, or more than 20.');
INSERT INTO parts (group_id, number, description) VALUES (349, '4', 'Do one of the following:\n    a. Use a secret code using numbers to send a message to one of your den members or your den leader. Have that person send a message back to you. Be sure you both use the same code numbers.\n    b. Send a message to another member of your den or your den leader using the pig pen code or another code that changes letters into special shapes.\n    c. Practice using a block cipher to decode a message.');
INSERT INTO items (_id, type, rank_id, number, title, image) VALUES (328, 'e', 2, '4', 'Collections and Hobbies', 'collections_and_hobbies');
INSERT INTO groups (_id, item_id, number, qty_required, notes) VALUES (350, 328, 1, -1, null);
INSERT INTO parts (group_id, number, description) VALUES (350, '1', 'Begin a collection of at least 10 items that all have something in common. Label the items and title your collection.');
INSERT INTO parts (group_id, number, description) VALUES (350, '2', 'Share your collection at a den meeting.');
INSERT INTO parts (group_id, number, description) VALUES (350, '3', 'Visit a show or museum that displays different collections or models.');
INSERT INTO parts (group_id, number, description) VALUES (350, '4', 'Create an autograph book and get at least 10 autographs. Start with members of your den.');
INSERT INTO parts (group_id, number, description) VALUES (350, '5', 'Pick a famous living person, and write him or her a letter. In your letter, ask the person to send you an autographed photo.');
INSERT INTO parts (group_id, number, description) VALUES (350, '6', 'Play a game with your den that involves collecting.');
INSERT INTO items (_id, type, rank_id, number, title, image) VALUES (329, 'e', 2, '5', 'Cubs Who Care', 'cubs_who_care');
INSERT INTO groups (_id, item_id, number, qty_required, notes) VALUES (351, 329, 1, -1, null);
INSERT INTO parts (group_id, number, description) VALUES (351, '1', 'With the members of your den, visit with a person who has a physical disability.');
INSERT INTO parts (group_id, number, description) VALUES (351, '2', 'Do four of the following, a through h:\n    a. With other members of your den, try using a wheelchair or crutches, and reflect on the process.\n    b. Learn about a sport that has been adapted so that people in wheel chairs or with some other physical disability can play, and tell your den about it.\n    c. Learn about “invisible” disabilities. Take part in an activity that helps develop an understanding of invisible disabilities.\n    d. With your den, try doing three of the following things while wearing gloves or mittens:\n        i. Tying your shoes.\n        ii. Using a fork to pick up food.\n        iii. Playing a card game.\n        iv. Playing a video game.\n        v. Playing checkers or another board game.\n        vi. Blowing bubbles.\n    e. Paint a picture two different ways: Paint it once the way you usually would paint it and then again by using a blindfold. Discuss with your den the ways the process was different.\n    f. Demonstrate a simple sentence or at least four points of the Scout Law using American Sign Language.\n    g. Learn about someone famous who has or had a disability, and share that person’s story with your den.\n    h. Attend an event where people with disabilities are participants or where accommodations for people with disabilities are made a part of the event.');
INSERT INTO items (_id, type, rank_id, number, title, image) VALUES (330, 'e', 2, '6', 'Digging in the Past', 'digging_in_the_past');
INSERT INTO groups (_id, item_id, number, qty_required, notes) VALUES (352, 330, 1, -1, null);
INSERT INTO parts (group_id, number, description) VALUES (352, '1', 'Play a game that demonstrates your knowledge of dinosaurs, such as a dinosaur match game.');
INSERT INTO parts (group_id, number, description) VALUES (352, '2', 'Create an imaginary dinosaur. Share with your den its name, what it eats, and where it lives.');
INSERT INTO parts (group_id, number, description) VALUES (352, '3', 'Make a fossil cast.');
INSERT INTO parts (group_id, number, description) VALUES (352, '4', 'Make a dinosaur dig.');
INSERT INTO parts (group_id, number, description) VALUES (352, '5', 'Make edible fossil layers. Explain how this snack is a good model for the formation of fossils.');
INSERT INTO parts (group_id, number, description) VALUES (352, '6', 'Be a paleontologist, and dig through the dinosaur digs made by your den. Show and explain the ways a paleontologist works carefully during a dig.');
INSERT INTO items (_id, type, rank_id, number, title, image) VALUES (331, 'e', 2, '7', 'Finding Your Way', 'finding_your_way');
INSERT INTO groups (_id, item_id, number, qty_required, notes) VALUES (353, 331, 1, -1, null);
INSERT INTO parts (group_id, number, description) VALUES (353, '1', 'Do the following:\n    a. Using a map of your city or town, locate where you live.\n    b. Draw a map for a friend so he or she can locate your home, a park, a school, or other locations in your neighborhood. Use symbols to show parks, buildings, trees, and water. You can invent your own symbols. Be sure to include a key so your symbols can be identified.');
INSERT INTO parts (group_id, number, description) VALUES (353, '2', 'Pick a nutritious snack, and find where it came from. Locate that area on a map.');
INSERT INTO parts (group_id, number, description) VALUES (353, '3', 'Do the following:\n    a. Identify what a compass rose is and where it is on the map.\n    b. Use a compass to identify which direction is north. Show how to determine which way is south, east, and west.');
INSERT INTO parts (group_id, number, description) VALUES (353, '4', 'Go on a scavenger hunt using a compass, and locate an object with a compass.');
INSERT INTO parts (group_id, number, description) VALUES (353, '5', 'Using a map and compass, go on a hike with your den or family.');
INSERT INTO items (_id, type, rank_id, number, title, image) VALUES (332, 'e', 2, '8', 'Germs Alive!', 'germs_alive');
INSERT INTO groups (_id, item_id, number, qty_required, notes) VALUES (354, 332, 1, -1, null);
INSERT INTO parts (group_id, number, description) VALUES (354, '1', 'Wash your hands while singing the “germ song.”');
INSERT INTO parts (group_id, number, description) VALUES (354, '2', 'Play Germ Magnet with your den. Wash your hands again afterward.');
INSERT INTO parts (group_id, number, description) VALUES (354, '3', 'Conduct the sneeze demonstration.');
INSERT INTO parts (group_id, number, description) VALUES (354, '4', 'Conduct the mucus demonstration with your den.');
INSERT INTO parts (group_id, number, description) VALUES (354, '5', 'Grow a mold culture. Show what formed at a den or pack meeting.');
INSERT INTO parts (group_id, number, description) VALUES (354, '6', 'Make a clean room chart.');
INSERT INTO items (_id, type, rank_id, number, title, image) VALUES (333, 'e', 2, '9', 'Grow Something', 'grow_something');
INSERT INTO groups (_id, item_id, number, qty_required, notes) VALUES (355, 333, 1, -1, null);
INSERT INTO parts (group_id, number, description) VALUES (355, '1', 'Select a seed, and plant it in a small container. Care for it for 30 days. Take a picture or make a drawing of your plant once each week to share with your den.');
INSERT INTO parts (group_id, number, description) VALUES (355, '2', 'Find out the growing zone for your area, and share the types of plants that will grow best in your zone.');
INSERT INTO parts (group_id, number, description) VALUES (355, '3', 'Visit or research a botanical or community garden in your area, and learn about two of the plants that grow there. Share what you have learned with your den.');
INSERT INTO parts (group_id, number, description) VALUES (355, '4', 'Make a terrarium.');
INSERT INTO parts (group_id, number, description) VALUES (355, '5', 'Do one of the following:\n    a. Using a seed tray, grow a garden inside your home. Keep a journal of its progress for 30 days. Share the results with your den.\n    b. Grow a sweet potato plant in water. Keep a journal of its growth for two weeks. Share it with your den.');
INSERT INTO items (_id, type, rank_id, number, title, image) VALUES (334, 'e', 2, '10', 'Hometown Heroes', 'hometown_heroes');
INSERT INTO groups (_id, item_id, number, qty_required, notes) VALUES (356, 334, 1, -1, null);
INSERT INTO parts (group_id, number, description) VALUES (356, '1', 'Talk with your family and den about what it means to you to be a hero. Share the name of someone you believe is a hero. Explain what it is that makes that person a hero.');
INSERT INTO parts (group_id, number, description) VALUES (356, '2', 'Visit a community agency where you will find many heroes. While there, find out what they do. Share what you learned with your den.');
INSERT INTO parts (group_id, number, description) VALUES (356, '3', 'With the help of a family member, interview one of your heroes, and share what you learn with your den. Tell why you think this person is a hero.');
INSERT INTO parts (group_id, number, description) VALUES (356, '4', 'As a den or family, honor a serviceman or servicewoman by sending a care package along with a note thanking them for their service.');
INSERT INTO parts (group_id, number, description) VALUES (356, '5', 'With your family or den, find out about animals that are trained to help others in your community.');
INSERT INTO parts (group_id, number, description) VALUES (356, '6', 'Participate in or create an event that celebrates your hometown hero(es).');
INSERT INTO items (_id, type, rank_id, number, title, image) VALUES (335, 'e', 2, '11', 'Motor Away', 'motor_away');
INSERT INTO groups (_id, item_id, number, qty_required, notes) VALUES (357, 335, 1, -1, null);
INSERT INTO parts (group_id, number, description) VALUES (357, '1', 'Do the following:\n    a. Create and fly three different types of paper airplanes. Before launching them, record which one you believe will travel the farthest and what property of the plane leads you to make that prediction.\n    b. Make a paper airplane catapult. Before launching a plane, record how far you believe it will travel and explain what information you used to make this prediction. After you make your prediction, launch the plane and measure how far it flies.');
INSERT INTO parts (group_id, number, description) VALUES (357, '2', 'Make two different boats and sail them.');
INSERT INTO parts (group_id, number, description) VALUES (357, '3', 'Create a car that moves under its own power.');
INSERT INTO items (_id, type, rank_id, number, title, image) VALUES (336, 'e', 2, '12', 'Paws of Skill', 'paws_of_skill');
INSERT INTO groups (_id, item_id, number, qty_required, notes) VALUES (358, 336, 1, -1, null);
INSERT INTO parts (group_id, number, description) VALUES (358, '1', 'Talk with your family and den about what it means to be physically fit. Share ideas of what you can do to stay in shape.');
INSERT INTO parts (group_id, number, description) VALUES (358, '2', 'With your den, talk about why it is important to stretch before and after exercising. Demonstrate proper warm-up movements and stretches before and after each activity you do that involves action.');
INSERT INTO parts (group_id, number, description) VALUES (358, '3', 'Select at least two physical fitness skills and practice them daily. See if you can improve over a two-week period.');
INSERT INTO parts (group_id, number, description) VALUES (358, '4', 'With your family or your den, talk about what it means to be a member of a team. Working together, make a list of team sports, and talk about how the team works together to be successful. Choose one and play for 30 minutes.');
INSERT INTO parts (group_id, number, description) VALUES (358, '5', 'With your den, talk about sportsmanship and what it means to be a good sport while playing a game or a sport. Share with your den how you were a good sport or demonstrated good sportsmanship in requirement 4.');
INSERT INTO parts (group_id, number, description) VALUES (358, '6', 'Visit a sporting event with your family or your den. Look for ways the team works together. Share your visit with your den.');
INSERT INTO parts (group_id, number, description) VALUES (358, '7', 'With your den, develop an obstacle course that involves five different movements. Run the course two times and see if your time improves.');
INSERT INTO items (_id, type, rank_id, number, title, image) VALUES (337, 'e', 2, '13', 'Spirit of the Water', 'spirit_of_the_water');
INSERT INTO groups (_id, item_id, number, qty_required, notes) VALUES (359, 337, 1, -1, null);
INSERT INTO parts (group_id, number, description) VALUES (359, '1', 'Demonstrate how the water in your community can become polluted.');
INSERT INTO parts (group_id, number, description) VALUES (359, '2', 'Explain one way that you can help conserve water in your home.');
INSERT INTO parts (group_id, number, description) VALUES (359, '3', 'Explain to your den leader why swimming is good exercise.');
INSERT INTO parts (group_id, number, description) VALUES (359, '4', 'Explain the safety rules that you need to follow before participating in swimming or boating.');
INSERT INTO parts (group_id, number, description) VALUES (359, '5', 'Show how to do a reaching rescue.');
INSERT INTO parts (group_id, number, description) VALUES (359, '6', 'Visit a local pool or public swimming area with your family or Wolf den. With qualified supervision, jump into water that is at least chest-high, and swim 25 feet or more.');
INSERT INTO items (_id, type, rank_id, number, title, image) VALUES (338, 'a', 3, 'a', 'Bear Claws', 'bear_claws');
INSERT INTO groups (_id, item_id, number, qty_required, notes) VALUES (360, 338, 1, -1, null);
INSERT INTO parts (group_id, number, description) VALUES (360, '1', 'Learn about three common designs of pocketknives.');
INSERT INTO parts (group_id, number, description) VALUES (360, '2', 'Learn knife safety and earn your Whittling Chip.');
INSERT INTO parts (group_id, number, description) VALUES (360, '3', 'Using a pocketknife, carve two items.');
INSERT INTO items (_id, type, rank_id, number, title, image) VALUES (339, 'a', 3, 'b', 'Bear Necessities', 'bear_necessities');
INSERT INTO groups (_id, item_id, number, qty_required, notes) VALUES (361, 339, 1, -1, null);
INSERT INTO parts (group_id, number, description) VALUES (361, '1', 'While working on your Bear badge, camp overnight with your pack. If your chartered organization does not permit Cub Scout camping, you may substitute a family campout or a daylong outdoor activity with your den or pack.');
INSERT INTO parts (group_id, number, description) VALUES (361, '2', 'Attend a campfire show, and participate by performing a song or skit with your den.');
INSERT INTO parts (group_id, number, description) VALUES (361, '3', 'Make a list of items you should take along on your campout.');
INSERT INTO parts (group_id, number, description) VALUES (361, '4', 'Make a list of equipment that the group should bring along in addition to each Scout’s personal gear.');
INSERT INTO parts (group_id, number, description) VALUES (361, '5', 'With your den, plan a cooked lunch or dinner that is nutritious and balanced. Make a shopping list, and help shop for the food. On a campout or at another outdoor event, help cook the meal and help clean up afterward.');
INSERT INTO parts (group_id, number, description) VALUES (361, '6', 'Help your leader or another adult cook a different meal from the one you helped prepare for requirement 5. Cook this meal outdoors.');
INSERT INTO parts (group_id, number, description) VALUES (361, '7', 'Help set up a tent. Pick a good spot for the tent, and explain to your den leader why you picked it.');
INSERT INTO parts (group_id, number, description) VALUES (361, '8', 'Demonstrate how to tie two half hitches. Explain what they are used for.');
INSERT INTO parts (group_id, number, description) VALUES (361, '9', 'Learn how to read a thermometer and a barometer. Keep track of the temperature and barometric pressure readings and the actual weather at the same time every day for seven days.');
INSERT INTO items (_id, type, rank_id, number, title, image) VALUES (340, 'a', 3, 'c', 'Fellowship and Duty to God', 'fellowship_and_duty_to_god');
INSERT INTO groups (_id, item_id, number, qty_required, notes) VALUES (362, 340, 1, 1, null);
INSERT INTO parts (group_id, number, description) VALUES (362, '1', 'Earn the religious emblem of your faith.');
INSERT INTO parts (group_id, number, description) VALUES (362, '2', 'Complete 2a and at least two of requirements 2b–2d.\n    a. Working with a parent or guardian, spiritual advisor, or religious leader, provide service to help a place of worship or spiritual community, school, community organization, or chartered organization that puts into practice your ideals of duty to God and strengthens your fellowship with others.\n    b. Identify a person whose faith and duty to God you admire, and discuss with your family. \n    c. Make a list of things you can do to practice your duty to God as you are taught in your home or place of worship or spiritual community. Select two of the items, and practice them for two weeks.\n    d. Attend a religious service, den or pack meeting worship service, or time of family reflection and discussion about your family’s beliefs.');
INSERT INTO items (_id, type, rank_id, number, title, image) VALUES (341, 'a', 3, 'd', 'Fur, Feathers, and Ferns', 'fur_feathers_and_ferns');
INSERT INTO groups (_id, item_id, number, qty_required, notes) VALUES (363, 341, 1, -1, null);
INSERT INTO parts (group_id, number, description) VALUES (363, '1', 'While hiking or walking for one mile, identify six signs that any animals, birds, insects, reptiles, or plants are living nearby the place where you choose to hike.');
INSERT INTO parts (group_id, number, description) VALUES (363, '2', 'Name one animal that has become extinct in the last 100 years and one animal that is currently endangered. Explain what caused their declines.');
INSERT INTO parts (group_id, number, description) VALUES (363, '3', 'Visit one of the following: zoo, wildlife refuge, nature center, aviary, game preserve, local conservation area, wildlife rescue group, or fish hatchery. Describe what you learned during your visit.');
INSERT INTO parts (group_id, number, description) VALUES (363, '4', 'Observe wildlife from a distance. Describe what you saw.');
INSERT INTO parts (group_id, number, description) VALUES (363, '5', 'Use a magnifying glass to examine plants more closely. Describe what you saw through the magnifying glass that you could not see without it.');
INSERT INTO parts (group_id, number, description) VALUES (363, '6', 'Learn about composting and how vegetable waste can be turned into fertilizer for plants.');
INSERT INTO parts (group_id, number, description) VALUES (363, '7', 'Plant a vegetable or herb garden.');
INSERT INTO items (_id, type, rank_id, number, title, image) VALUES (342, 'a', 3, 'e', 'Grin and Bear It', 'grin_and_bear_it');
INSERT INTO groups (_id, item_id, number, qty_required, notes) VALUES (364, 342, 1, -1, null);
INSERT INTO parts (group_id, number, description) VALUES (364, '1', 'Play a challenge game or initiative game with the members of your den. Take part in a reflection after the game.');
INSERT INTO parts (group_id, number, description) VALUES (364, '2', 'Working with the members of your den, organize a Cub Scout carnival and lead it at a special event.');
INSERT INTO parts (group_id, number, description) VALUES (364, '3', 'Help younger Cub Scouts take part in one of the events at the Cub Scout carnival.');
INSERT INTO parts (group_id, number, description) VALUES (364, '4', 'After the Cub Scout carnival, discuss with the members of your den and your den leader what went well, what could be done better, and how everyone worked together to make the event a success.');
INSERT INTO parts (group_id, number, description) VALUES (364, '5', 'Make and present an award to one of the adults who helped you organize the activities at the Cub Scout carnival.');
INSERT INTO items (_id, type, rank_id, number, title, image) VALUES (343, 'a', 3, 'f', 'Paws for Action', 'paws_for_action');
INSERT INTO groups (_id, item_id, number, qty_required, notes) VALUES (365, 343, 1, -1, null);
INSERT INTO parts (group_id, number, description) VALUES (365, '1', 'Do the following:\n    a. Find out about two famous Americans. Share what you learned.\n    b. Find out where places of historical interest are located in or near your community, town, or city. Go and visit one of them with your family or den.\n    c. Learn about our flag. Display it at home for one month. Say the Pledge of Allegiance and learn its meaning.');
INSERT INTO parts (group_id, number, description) VALUES (365, '2', 'Do the following:\n    a. Visit a local sheriff’s office or police station, or talk with a law enforcement officer visiting your den. During the visit, take turns with your den members asking questions that will help you learn how to stay safe.\n    b. During or after your visit with a law enforcement officer, do at least two of the following:\n        i. Practice one way police gather evidence by taking fingerprints, taking a shoe print, or taking tire track casts.\n        ii. Make a list of emergency numbers to post in your home, and keep a copy with you in your backpack or wallet.\n        iii. With your family, develop a plan to follow in case of an emergency, and practice the plan at least three times. Your family can determine the emergency, or you can develop several plans.\n        iv. Discuss with your parent or another adult you trust any worries you have about your safety or a friend’s safety.\n        v. If you have younger brothers and sisters, make sure they know how to call for help in an emergency.');
INSERT INTO parts (group_id, number, description) VALUES (365, '3', 'Do the following:\n    a. Learn about the energy your family uses and how you can help your family decrease its energy use.\n    b. Do a cleanup project that benefits your community.');
INSERT INTO items (_id, type, rank_id, number, title, image) VALUES (344, 'e', 3, '1', 'Baloo the Builder', 'baloo_the_builder');
INSERT INTO groups (_id, item_id, number, qty_required, notes) VALUES (366, 344, 1, -1, null);
INSERT INTO parts (group_id, number, description) VALUES (366, '1', 'Discover which hand tools are the best ones to have in your tool box. Learn the rules for using these tools safely. Practice with at least four of these tools before beginning a project.');
INSERT INTO parts (group_id, number, description) VALUES (366, '2', 'Select, plan, and define the materials for the projects you will complete in requirement 3.');
INSERT INTO parts (group_id, number, description) VALUES (366, '3', 'Assemble your materials, and build one useful project and one fun project using wood.');
INSERT INTO parts (group_id, number, description) VALUES (366, '4', 'Apply a finish to one of your wood projects.');
INSERT INTO items (_id, type, rank_id, number, title, image) VALUES (345, 'e', 3, '2', 'A Bear Goes Fishing', 'a_bear_goes_fishing');
INSERT INTO groups (_id, item_id, number, qty_required, notes) VALUES (367, 345, 1, -1, null);
INSERT INTO parts (group_id, number, description) VALUES (367, '1', 'Discover and learn about three types of fishes in your area. Draw a color picture of each fish, record what each one likes to eat, and describe what sort of habitat each likes.');
INSERT INTO parts (group_id, number, description) VALUES (367, '2', 'Learn about your local fishing regulations with your leader or a parent or guardian. List three of the regulations you learn about and one reason each regulation exists.');
INSERT INTO parts (group_id, number, description) VALUES (367, '3', 'Learn about fishing equipment, and make a simple fishing pole. Practice casting at a target.');
INSERT INTO parts (group_id, number, description) VALUES (367, '4', 'Go on a fishing adventure, and spend a minimum of one hour trying to catch a fish. Put into practice the things you have learned about fish and fishing equipment.');
INSERT INTO items (_id, type, rank_id, number, title, image) VALUES (346, 'e', 3, '3', 'Bear Picnic Basket', 'bear_picnic_basket');
INSERT INTO groups (_id, item_id, number, qty_required, notes) VALUES (368, 346, 1, -1, null);
INSERT INTO parts (group_id, number, description) VALUES (368, '1', 'Do the following:\n    a. Create your own Bear Cookbook using at least five recipes you can cook or prepare either on your own or with some adult help. Include one page with information about first aid. You should include one recipe for a breakfast item, one for lunch, and one for dinner, and two recipes for nutritious snacks.\n    b. Prepare for cooking by explaining the importance of planning, tool selection, and cooking safety.\n    c. Go on a grocery shopping trip with your den or with an adult. Check the price of different brands of one single item, and compare the price of a ready-made item with the price of the same item you would make yourself.');
INSERT INTO parts (group_id, number, description) VALUES (368, '2', 'Do the following:\n    a. With the help of an adult, select one food item, and follow a recipe to prepare it for your family in your kitchen. Clean up after the preparation and cooking.\n    b. With the help of an adult, select one food item and follow a recipe to prepare it outdoors for your family or den. Clean up after the preparation and cooking.');
INSERT INTO parts (group_id, number, description) VALUES (368, '3', 'Select and prepare two nutritious snacks for yourself, your family, or your den.');
INSERT INTO items (_id, type, rank_id, number, title, image) VALUES (347, 'e', 3, '4', 'Beat of the Drum', 'beat_of_the_drum');
INSERT INTO groups (_id, item_id, number, qty_required, notes) VALUES (369, 347, 1, -1, null);
INSERT INTO parts (group_id, number, description) VALUES (369, '1', 'Learn about the history and culture of American Indians who lived in your area at the time of European colonization.');
INSERT INTO parts (group_id, number, description) VALUES (369, '2', 'Write a legend.');
INSERT INTO parts (group_id, number, description) VALUES (369, '3', 'Make a dream catcher.');
INSERT INTO parts (group_id, number, description) VALUES (369, '4', 'Make a craft.');
INSERT INTO parts (group_id, number, description) VALUES (369, '5', 'Make a drum. Once your drum is complete, create a ceremonial song.');
INSERT INTO parts (group_id, number, description) VALUES (369, '6', 'Visit an Order of the Arrow dance ceremony or American Indian event within your community.');
INSERT INTO parts (group_id, number, description) VALUES (369, '7', 'Learn and demonstrate ceremonial dance steps.');
INSERT INTO parts (group_id, number, description) VALUES (369, '8', 'Create a dance.');
INSERT INTO items (_id, type, rank_id, number, title, image) VALUES (348, 'e', 3, '5', 'Critter Care', 'critter_care');
INSERT INTO groups (_id, item_id, number, qty_required, notes) VALUES (370, 348, 1, -1, null);
INSERT INTO parts (group_id, number, description) VALUES (370, '1', 'Care for a pet for two weeks. Make a list of tasks you did to take care of the pet. If you do not have a pet, research one that you would like to have and write about the care it needs.');
INSERT INTO parts (group_id, number, description) VALUES (370, '2', 'Learn more about your pet or a pet you would like to have. List three interesting facts that you learned about your pet.');
INSERT INTO parts (group_id, number, description) VALUES (370, '3', 'Make a poster about your pet or a pet you would like to own. Share your poster with your den, pack, or family.');
INSERT INTO parts (group_id, number, description) VALUES (370, '4', 'Do your best to train a pet to perform a trick or follow a simple command, and explain how you trained it. (If your pet is a hermit crab, fish, snake, or the like, you may skip this requirement.)');
INSERT INTO parts (group_id, number, description) VALUES (370, '5', 'Tell three ways that animals can help people.');
INSERT INTO parts (group_id, number, description) VALUES (370, '6', 'Tell what is meant by an animal being “rabid.” Name some animals that could have rabies. Explain what you should do if you are near an animal that might be rabid.');
INSERT INTO parts (group_id, number, description) VALUES (370, '7', 'Visit with a local veterinarian or animal shelter caretaker. Find out what types of animals he or she might see on a regular basis. Ask what type of education is needed to become a veterinarian or shelter caretaker and why he or she chose to pursue this career.');
INSERT INTO items (_id, type, rank_id, number, title, image) VALUES (349, 'e', 3, '6', 'Forensics', 'forensics');
INSERT INTO groups (_id, item_id, number, qty_required, notes) VALUES (371, 349, 1, -1, null);
INSERT INTO parts (group_id, number, description) VALUES (371, '1', 'Talk with your family and den about forensics and how it is used to help solve crimes.');
INSERT INTO parts (group_id, number, description) VALUES (371, '2', 'Analyze your fingerprints.');
INSERT INTO parts (group_id, number, description) VALUES (371, '3', 'Learn about chromatography and how it is used in solving crimes. Do an investigation using different types of black, felt-tip markers. Share your results with your den.');
INSERT INTO parts (group_id, number, description) VALUES (371, '4', 'Do an analysis of four different substances: salt, sugar, baking soda, and cornstarch.');
INSERT INTO parts (group_id, number, description) VALUES (371, '5', 'Make a shoe imprint.');
INSERT INTO parts (group_id, number, description) VALUES (371, '6', 'Visit the sheriff’s office or police station in your town. Find out how officers collect evidence.');
INSERT INTO parts (group_id, number, description) VALUES (371, '7', 'Learn about the different jobs available in forensic science. Choose two, and find out what is required to work those jobs. Share what you learned with your den.');
INSERT INTO parts (group_id, number, description) VALUES (371, '8', 'Learn how animals are used to gather important evidence. Talk about your findings with your den.');
INSERT INTO items (_id, type, rank_id, number, title, image) VALUES (350, 'e', 3, '7', 'Make It Move', 'make_it_move');
INSERT INTO groups (_id, item_id, number, qty_required, notes) VALUES (372, 350, 1, -1, null);
INSERT INTO parts (group_id, number, description) VALUES (372, '1', 'Create an “exploding” craft stick reaction.');
INSERT INTO parts (group_id, number, description) VALUES (372, '2', 'Make two simple pulleys, and use them to move objects.');
INSERT INTO parts (group_id, number, description) VALUES (372, '3', 'Make a lever by creating a seesaw using a spool and a wooden paint stirrer. Explore the way it balances by placing different objects on each end.');
INSERT INTO parts (group_id, number, description) VALUES (372, '4', 'Do the following:\n    a. Draw a Rube Goldberg–type machine. Include at least six steps to complete your action.\n    b. Construct a real Rube Goldberg–type machine to complete a task assigned by your den leader. Use at least two simple machines and include at least four steps.');
INSERT INTO items (_id, type, rank_id, number, title, image) VALUES (351, 'e', 3, '8', 'Marble Madness', 'marble_madness');
INSERT INTO groups (_id, item_id, number, qty_required, notes) VALUES (373, 351, 1, -1, null);
INSERT INTO parts (group_id, number, description) VALUES (373, '1', 'Discuss with your family and den the history of marbles, such as where and when the game began. Talk about the different sizes of marbles and what they are made of and used for.');
INSERT INTO parts (group_id, number, description) VALUES (373, '2', 'Learn about three different marble games, and learn to play the marble game “ringer.” Learn how to keep score. Learn and follow the rules of the game. Play the game with your family, friends, or your den.');
INSERT INTO parts (group_id, number, description) VALUES (373, '3', 'Learn four or five words that are used when talking about marbles. Tell what each of the words means and how it relates to playing marbles. Share this information with your den.');
INSERT INTO parts (group_id, number, description) VALUES (373, '4', 'With the help of an adult, make a marble bag to hold marbles.');
INSERT INTO parts (group_id, number, description) VALUES (373, '5', 'With your den or family, make a marble obstacle course or marble golf course. Share what you create. Invite everyone to go through your course.');
INSERT INTO parts (group_id, number, description) VALUES (373, '6', 'Create your own game using marbles, and design rules for playing the game. Share the game you created with your den, family, or friends. Explain the rules and how to play the game.');
INSERT INTO parts (group_id, number, description) VALUES (373, '7', 'With your den or family, create a marble race track. Have at least two lanes so you can race your favorite marbles against each other.');
INSERT INTO parts (group_id, number, description) VALUES (373, '8', 'Make a marble maze.');
INSERT INTO items (_id, type, rank_id, number, title, image) VALUES (352, 'e', 3, '9', 'Roaring Laughter', 'roaring_laughter');
INSERT INTO groups (_id, item_id, number, qty_required, notes) VALUES (374, 352, 1, -1, null);
INSERT INTO parts (group_id, number, description) VALUES (374, '1', 'Think about what makes you laugh. Write down three things that make you laugh.');
INSERT INTO parts (group_id, number, description) VALUES (374, '2', 'Practice reading tongue twisters.');
INSERT INTO parts (group_id, number, description) VALUES (374, '3', 'Create your own short story. Remove some nouns, verbs, adjectives, and adverbs from the story, leaving blanks. Without telling the story, have a friend insert his or her own nouns, verbs, adjectives, and adverbs in the story you created.');
INSERT INTO parts (group_id, number, description) VALUES (374, '4', 'With a partner, play a game that makes you laugh.');
INSERT INTO parts (group_id, number, description) VALUES (374, '5', 'Share a few jokes with a couple of friends to make them laugh.');
INSERT INTO parts (group_id, number, description) VALUES (374, '6', 'Practice at least two run-ons with your den, and perform them at a pack meeting or campfire program.');
INSERT INTO items (_id, type, rank_id, number, title, image) VALUES (353, 'e', 3, '10', 'Robotics', 'robotics');
INSERT INTO groups (_id, item_id, number, qty_required, notes) VALUES (375, 353, 1, -1, null);
INSERT INTO parts (group_id, number, description) VALUES (375, '1', 'Identify six tasks performed by robots.');
INSERT INTO parts (group_id, number, description) VALUES (375, '2', 'Learn about some instances where a robot could be used in place of a human for work. Research one robot that does this type of work, and present what you learn to your den.');
INSERT INTO parts (group_id, number, description) VALUES (375, '3', 'Build a robot hand. Show how it works like a human hand and how it is different from a human hand.');
INSERT INTO parts (group_id, number, description) VALUES (375, '4', 'Build your own robot.');
INSERT INTO parts (group_id, number, description) VALUES (375, '5', 'Visit a place that uses robots.');
INSERT INTO items (_id, type, rank_id, number, title, image) VALUES (354, 'e', 3, '11', 'Salmon Run', 'salmon_run');
INSERT INTO groups (_id, item_id, number, qty_required, notes) VALUES (376, 354, 1, -1, null);
INSERT INTO parts (group_id, number, description) VALUES (376, '1', 'Explain the safety rules that you need to follow before participating in boating.');
INSERT INTO parts (group_id, number, description) VALUES (376, '2', 'Identify the equipment needed when going boating.');
INSERT INTO parts (group_id, number, description) VALUES (376, '3', 'Demonstrate correct rowing or paddling form. Explain how rowing and canoeing are good exercise.');
INSERT INTO parts (group_id, number, description) VALUES (376, '4', 'Explain the importance of response personnel or lifeguards in a swimming area.');
INSERT INTO parts (group_id, number, description) VALUES (376, '5', 'Show how to do both a reach rescue and a throw rescue.');
INSERT INTO parts (group_id, number, description) VALUES (376, '6', 'Visit a local pool or swimming area with your den or family, and go swimming.');
INSERT INTO parts (group_id, number, description) VALUES (376, '7', 'Demonstrate the front crawl swim stroke to your den or family.');
INSERT INTO parts (group_id, number, description) VALUES (376, '8', 'Name the three swimming ability groups for the Boy Scouts of America.');
INSERT INTO parts (group_id, number, description) VALUES (376, '9', 'Attempt to earn the BSA beginner swimmer classification.');
INSERT INTO items (_id, type, rank_id, number, title, image) VALUES (355, 'e', 3, '12', 'Super Science', 'super_science');
INSERT INTO groups (_id, item_id, number, qty_required, notes) VALUES (377, 355, 1, -1, null);
INSERT INTO parts (group_id, number, description) VALUES (377, '1', 'Make static electricity by rubbing a balloon or a plastic or rubber comb on a fleece blanket or wool sweater. Explain what you learned.');
INSERT INTO parts (group_id, number, description) VALUES (377, '2', 'Conduct a balloon or other static electricity investigation that demonstrates properties of static electricity. Explain what you learned.');
INSERT INTO parts (group_id, number, description) VALUES (377, '3', 'Conduct one other static electricity investigation. Explain what you learned.');
INSERT INTO parts (group_id, number, description) VALUES (377, '4', 'Do a sink-or-float investigation. Explain what you learned.');
INSERT INTO parts (group_id, number, description) VALUES (377, '5', 'Do a color-morphing investigation. Explain what you learned.');
INSERT INTO parts (group_id, number, description) VALUES (377, '6', 'Do a color-layering investigation. Explain what you learned.');
INSERT INTO items (_id, type, rank_id, number, title, image) VALUES (356, 'e', 3, '13', 'A World of Sound', 'a_world_of_sound');
INSERT INTO groups (_id, item_id, number, qty_required, notes) VALUES (378, 356, 1, -1, null);
INSERT INTO parts (group_id, number, description) VALUES (378, '1', 'Make an mbira.');
INSERT INTO parts (group_id, number, description) VALUES (378, '2', 'Make a sistrum.');
INSERT INTO parts (group_id, number, description) VALUES (378, '3', 'Make a rain stick.');
INSERT INTO items (_id, type, rank_id, number, title, image) VALUES (357, 'a', 6, 'a', 'Cast Iron Chef', 'cast_iron_chef');
INSERT INTO groups (_id, item_id, number, qty_required, notes) VALUES (379, 357, 1, -1, null);
INSERT INTO parts (group_id, number, description) VALUES (379, '1', 'At an approved time in an outdoor location and using tinder, kindling, and fuel wood, demonstrate how to build a fire; light the fire, unless prohibited by local fire restrictions. After allowing the flames to burn safely, safely extinguish the flames with minimal impact to the fire site.');
INSERT INTO parts (group_id, number, description) VALUES (379, '2', 'Set personal nutritional goals. Keep a food journal for one week; review your journal to determine if the goals were met.');
INSERT INTO parts (group_id, number, description) VALUES (379, '3', 'Plan a menu for a balanced meal for your den or family. Determine the budget for the meal. Shop for the items on your menu while staying within your budget.');
INSERT INTO parts (group_id, number, description) VALUES (379, '4', 'Prepare a balanced meal for your den or family; utilize one of the methods below for preparation of part of your meal:\n    a. Camp stove\n    b. Dutch oven\n    c. Box oven\n    d. Solar oven\n    e. Open campfire or charcoal');
INSERT INTO parts (group_id, number, description) VALUES (379, '5', 'Demonstrate an understanding of food safety practices while preparing the meal.');
INSERT INTO items (_id, type, rank_id, number, title, image) VALUES (358, 'a', 6, 'b', 'Duty to God and You', 'duty_to_god_and_you');
INSERT INTO groups (_id, item_id, number, qty_required, notes) VALUES (380, 358, 1, 1, null);
INSERT INTO parts (group_id, number, description) VALUES (380, '1', 'Earn the religious emblem of your faith for Webelos Scouts, if you have not already done so.');
INSERT INTO parts (group_id, number, description) VALUES (380, '2', 'Complete at least three of requirements 2a–2d:\n    a. Help plan, support, or actively participate in a service of worship or reflection. Show reverence during the service.\n    b. Review with your family or den members what you have learned about your duty to God.\n    c. Discuss with your family, family’s faith leader, or other trusted adult how planning and participating in a service of worship or reflection helps you live your duty to God.\n    d. List one thing that will bring you closer to doing your duty to God, and practice it for one month. Write down what you will do each day to remind you.');
INSERT INTO items (_id, type, rank_id, number, title, image) VALUES (359, 'a', 6, 'c', 'First Responder', 'first_responder');
INSERT INTO groups (_id, item_id, number, qty_required, notes) VALUES (381, 359, 1, -1, null);
INSERT INTO parts (group_id, number, description) VALUES (381, '1', 'Explain what first aid is. Tell what you should do after an accident.');
INSERT INTO parts (group_id, number, description) VALUES (381, '2', 'Show what to do for the hurry cases of first aid:\n    a. Serious bleeding\n    b. Heart attack or sudden cardiac arrest\n    c. Stopped breathing\n    d. Stroke\n    e. Poisoning');
INSERT INTO parts (group_id, number, description) VALUES (381, '3', 'Show how to help a choking victim.');
INSERT INTO parts (group_id, number, description) VALUES (381, '4', 'Show how to treat for shock.');
INSERT INTO parts (group_id, number, description) VALUES (381, '5', 'Demonstrate that you know how to treat the following:\n    a. Cuts and scratches\n    b. Burns and scalds\n    c. Sunburn\n    d. Blisters on the hand and foot\n    e. Tick bites\n    f. Bites and stings of other insects\n    g. Venomous snakebite\n    h. Nosebleed\n    i. Frostbite');
INSERT INTO parts (group_id, number, description) VALUES (381, '6', 'Put together a simple home first-aid kit. Explain what you included and how to use each item correctly.');
INSERT INTO parts (group_id, number, description) VALUES (381, '7', 'Create and practice an emergency readiness plan for your home or den meeting place.');
INSERT INTO parts (group_id, number, description) VALUES (381, '8', 'Visit with a first responder.');
INSERT INTO items (_id, type, rank_id, number, title, image) VALUES (360, 'a', 6, 'd', 'Stronger, Faster, Higher', 'stronger_faster_higher');
INSERT INTO groups (_id, item_id, number, qty_required, notes) VALUES (382, 360, 1, -1, null);
INSERT INTO parts (group_id, number, description) VALUES (382, '1', 'Understand and explain why you should warm up before exercising and cooldown afterward. Demonstrate the proper way to warm up and cool down.');
INSERT INTO parts (group_id, number, description) VALUES (382, '2', 'Do these activities and record your results:\n    a. 20-yard dash\n    b. Vertical jump\n    c. Lifting a 5-pound weight\n    d. Push-ups\n    e. Curls\n    f. Jumping rope');
INSERT INTO parts (group_id, number, description) VALUES (382, '3', 'Make an exercise plan that includes at least three physical activities. Carry out your plan for 30 days, and write down your progress each week.');
INSERT INTO parts (group_id, number, description) VALUES (382, '4', 'With your den, prepare a fitness course or series of games that includes jumping, avoiding obstacles, weight lifting, and running. Time yourself going through the course, and improve your time over a two-week period.');
INSERT INTO parts (group_id, number, description) VALUES (382, '5', 'With adult guidance, lead younger Scouts in a fitness game or games as a gathering activity for a pack or den meeting.');
INSERT INTO parts (group_id, number, description) VALUES (382, '6', 'Try a new sport you have never tried before.');
INSERT INTO items (_id, type, rank_id, number, title, image) VALUES (361, 'a', 6, 'e', 'Webelos Walkabout', 'webelos_walkabout');
INSERT INTO groups (_id, item_id, number, qty_required, notes) VALUES (383, 361, 1, -1, null);
INSERT INTO parts (group_id, number, description) VALUES (383, '1', 'Create a hike plan.');
INSERT INTO parts (group_id, number, description) VALUES (383, '2', 'Assemble a hiking first-aid kit.');
INSERT INTO parts (group_id, number, description) VALUES (383, '3', 'Describe and identify from photos any poisonous plants and dangerous animals and insects you might encounter on your hike.');
INSERT INTO parts (group_id, number, description) VALUES (383, '4', 'Before your hike, plan and prepare a nutritious lunch. Enjoy it on your hike, and clean up afterward.');
INSERT INTO parts (group_id, number, description) VALUES (383, '5', 'Recite the Outdoor Code and the Leave No Trace Principles for Kids from memory. Talk about how you can demonstrate them on your Webelos adventures.');
INSERT INTO parts (group_id, number, description) VALUES (383, '6', 'With your Webelos den or with a family member, hike 3 miles (in the country if possible).');
INSERT INTO parts (group_id, number, description) VALUES (383, '7', 'Complete a service project on or near the hike location.');
INSERT INTO parts (group_id, number, description) VALUES (383, '8', 'Perform one of the following leadership roles during your hike: trail leader, first-aid leader, lunch leader, or service project leader.');
INSERT INTO items (_id, type, rank_id, number, title, image) VALUES (362, 'a', 7, 'a', 'Building a Better World', 'building_a_better_world');
INSERT INTO groups (_id, item_id, number, qty_required, notes) VALUES (384, 362, 1, -1, null);
INSERT INTO parts (group_id, number, description) VALUES (384, '1', 'Explain the history of the United States flag. Show how to properly display the flag in public, and help lead a flag ceremony.');
INSERT INTO parts (group_id, number, description) VALUES (384, '2', 'Learn about and describe your rights and duties as a citizen, and explain what it means to be loyal to your country.');
INSERT INTO parts (group_id, number, description) VALUES (384, '3', 'Discuss in your Webelos den the term “rule of law,” and talk about how it applies to you in your everyday life.');
INSERT INTO parts (group_id, number, description) VALUES (384, '4', 'Meet with a government leader, and learn about his or her role in your community. Discuss with the leader an important issue facing your community.');
INSERT INTO parts (group_id, number, description) VALUES (384, '5', 'Learn about your family’s expenses, and help brainstorm ways to save money. Plan and manage a budget.');
INSERT INTO parts (group_id, number, description) VALUES (384, '6', 'Learn about energy use in your community and in other parts of our world.');
INSERT INTO parts (group_id, number, description) VALUES (384, '7', 'Identify one energy problem in your community, and find out what has caused it.');
INSERT INTO parts (group_id, number, description) VALUES (384, '8', 'With the assistance of your den leader or parent, participate in an event that would help lead others in recycling and conserving resources.');
INSERT INTO parts (group_id, number, description) VALUES (384, '9', 'Show that you are an active leader by planning an activity without your den leader’s help.');
INSERT INTO parts (group_id, number, description) VALUES (384, '10', 'Do one of these:\n    a. Learn about Scouting in another part of the world. With the help of your parent or your den leader, pick one country where Scouting exists, and research its Scouting program.\n    b. Set up an exhibit at a pack meeting to share information about the World Friendship Fund.\n    c. Find a brother Scout unit in another country.\n    d. Under the supervision of your parent, guardian, or den leader, connect with a Scout in another country during an event such as Jamboree on the Air or Jamboree on the Internet or by other means.');
INSERT INTO items (_id, type, rank_id, number, title, image) VALUES (363, 'a', 7, 'b', 'Camper', 'camper');
INSERT INTO groups (_id, item_id, number, qty_required, notes) VALUES (385, 363, 1, -1, null);
INSERT INTO parts (group_id, number, description) VALUES (385, '1', 'With the help of your den leader or family, plan and conduct a campout. If your chartered organization does not permit Cub Scout camping, you may substitute a family campout or a daylong outdoor activity with your den or pack.');
INSERT INTO parts (group_id, number, description) VALUES (385, '2', 'On arrival at the campout, with your den and den leader or family, determine where to set up your tent. Demonstrate knowledge of what makes a good tent site and what makes a bad one. Set up your tent without help from an adult.');
INSERT INTO parts (group_id, number, description) VALUES (385, '3', 'Once your tents are set up, discuss with your den what actions you should take in the case of the following extreme weather events which could require you to evacuate:\n    a. Severe rainstorm causing flooding\n    b. Severe thunderstorm with lightning or tornadoes\n    c. Fire, earthquake, or other disaster that will require evacuation. Discuss what you have done to minimize as much danger as possible.');
INSERT INTO parts (group_id, number, description) VALUES (385, '4', 'On a pack campout, work with your den leader or another adult to plan a campfire program with the other dens. Your campfire program should include an impressive opening, songs, skits, a Cubmaster’s minute, and an inspirational closing ceremony.');
INSERT INTO parts (group_id, number, description) VALUES (385, '5', 'Show how to tie a bowline. Explain when the knot should be used and why. Teach it to another Scout who is not a Webelos Scout.');
INSERT INTO parts (group_id, number, description) VALUES (385, '6', 'Go on a geocaching adventure with your den or family. Show how you used a GPS unit or a smartphone with a GPS application to locate a geocache.');
INSERT INTO parts (group_id, number, description) VALUES (385, '7', 'Recite the Outdoor Code and the Leave No Trace Principles for Kids from memory. Talk about how you can demonstrate them while you are working on your Arrow of Light. After one outing, list the things you did to follow the Outdoor Code and Leave No Trace.');
INSERT INTO items (_id, type, rank_id, number, title, image) VALUES (364, 'a', 7, 'c', 'Duty to God in Action', 'duty_to_god_in_action');
INSERT INTO groups (_id, item_id, number, qty_required, notes) VALUES (386, 364, 1, 1, null);
INSERT INTO parts (group_id, number, description) VALUES (386, '1', 'Earn the religious emblem of your faith for Webelos Scouts, if you have not already done so.');
INSERT INTO parts (group_id, number, description) VALUES (386, '2', 'Do requirement 2a and any two from requirements 2b–2e:\n    a. With your parent, guardian, or religious or spiritual leader, discuss and make a plan to do two things you think will help you better do your duty to God. Do these things for a month.\n    b. Discuss with your family how the Scout Oath and Scout Law relate to your beliefs about duty to God.\n    c. For at least a month, pray or reverently meditate each day as taught by your family or faith community.\n    d. Read at least two accounts of people in history who have done their duty to God. (This can include family members and ancestors.) List their names and how they showed their duty to God.\n    e. Under the direction of your parent, guardian, or religious or spiritual leader, do an act of service for someone in your family, neighborhood, or community. Talk about your service with your family and your Webelos den leader. Tell your family, den, or den leader how it related to doing your duty to God.');
INSERT INTO items (_id, type, rank_id, number, title, image) VALUES (365, 'a', 7, 'd', 'Scouting Adventure', 'scouting_adventure');
INSERT INTO groups (_id, item_id, number, qty_required, notes) VALUES (387, 365, 1, -1, null);
INSERT INTO parts (group_id, number, description) VALUES (387, '1', 'Prepare yourself to become a Boy Scout by completing all of the items below:\n    a. Repeat from memory the Scout Oath, Scout Law, Scout motto, and Scout slogan. In your own words, explain the meaning of each to your den leader, parent, or guardian.\n    b. Explain what Scout spirit is. Describe for your den leader, parent, or guardian some ways you have shown Scout spirit by practicing the Scout Oath, Scout Law, Scout motto, and Scout slogan.\n    c. Give the Boy Scout sign, salute, and handshake. Explain when they should be used. \n    d. Describe the First Class Scout badge, and tell what each part stands for. Explain the significance of the First Class Scout badge.\n    e. Repeat from memory the Outdoor Code. In your own words, explain what the Outdoor Code means to you.');
INSERT INTO parts (group_id, number, description) VALUES (387, '2', 'Visit a Boy Scout troop meeting with your den members, leaders, and parent or guardian. After the meeting, do the following:\n    a. Describe how the Scouts in the troop provide its leadership.\n    b. Describe the four steps of Boy Scout advancement.\n    c. Describe ranks in Boy Scouting and how they are earned.\n    d. Describe what merit badges are and how they are earned.');
INSERT INTO parts (group_id, number, description) VALUES (387, '3', 'Practice the patrol method in your den for one month by doing the following:\n    a. Explain the patrol method. Describe the types of patrols that might be part of a Boy Scout troop.\n    b. Hold an election to choose the patrol leader.\n    c. Develop a patrol name and emblem (if your den does not already have one), as well as a patrol flag and yell. Explain how a patrol name, emblem, flag, and yell create patrol spirit.\n    d. As a patrol, make plans with a troop to participate in a Boy Scout troop’s campout or other outdoor activity.');
INSERT INTO parts (group_id, number, description) VALUES (387, '4', 'With your Webelos den leader, parent, or guardian, participate in a Boy Scout troop’s campout or other outdoor activity. Use the patrol method while on the outing.');
INSERT INTO parts (group_id, number, description) VALUES (387, '5', 'Do the following:\n    a. Show how to tie a square knot, two half hitches, and a taut-line hitch. Explain how each knot is used.\n    b. Show the proper care of a rope by learning how to whip and fuse the ends of different kinds of rope.');
INSERT INTO parts (group_id, number, description) VALUES (387, '6', 'Demonstrate your knowledge of the pocketknife safety rules and the pocketknife pledge. Earn your Whittling Chip card if you have not already done so.');
INSERT INTO items (_id, type, rank_id, number, title, image) VALUES (366, 'e', 6, '1', 'Adventures in Science', 'adventures_in_science');
INSERT INTO groups (_id, item_id, number, qty_required, notes) VALUES (388, 366, 1, -1, null);
INSERT INTO parts (group_id, number, description) VALUES (388, '1', 'An experiment is a “fair test” to compare possible explanations. Draw a picture of a fair test that shows what you need to do to test a fertilizer’s effects on plant growth.');
INSERT INTO parts (group_id, number, description) VALUES (388, '2', 'Visit a museum, a college, a laboratory, an observatory, a zoo, an aquarium, or other facility that employs scientists. Prepare three questions ahead of time, and talk to a scientist about his or her work.');
INSERT INTO parts (group_id, number, description) VALUES (388, '3', 'Complete any four of the following:\n    a. Carry out the experiment you designed for requirement 1, above. Report what you learned about the effect of fertilizer on the plants that you grew.\n    b. Carry out the experiment you designed for requirement 1, but change the independent variable. Report what you learned about the effect of changing the variable on the plants that you grew.\n    c. Build a model solar system. Chart the distances between the planets so that the model is to scale. Use what you learn from this requirement to explain the value of making a model in science.\n    d. With adult supervision, build and launch a model rocket. Use the rocket to design a fair test to answer a question about force or motion.\n    e. Create two circuits of three light bulbs and a battery. Construct one as a series circuit and the other as a parallel circuit.\n    f. Study the night sky. Sketch the appearance of the North Star (Polaris) and the Big Dipper (part of the Ursa Major constellation) over at least six hours. Describe what you observed, and explain the meaning of your observations.\n    g. With adult assistance, explore safe chemical reactions with household materials. Using two substances, observe what happens when the amounts of the reactants are increased.\n    h. Explore properties of motion on a playground. How does the weight of a person affect how fast they slide down a slide or how fast a swing moves? Design a fair test to answer one of those questions.\n    i. Read a biography of a scientist. Tell your den leader or the other members of your den what the scientist was famous for and why his or her work is important.');
INSERT INTO items (_id, type, rank_id, number, title, image) VALUES (367, 'e', 6, '2', 'Aquanaut', 'aquanaut');
INSERT INTO groups (_id, item_id, number, qty_required, notes) VALUES (389, 367, 1, -1, null);
INSERT INTO parts (group_id, number, description) VALUES (389, '1', 'State the safety precautions you need to take before doing any water activity.');
INSERT INTO parts (group_id, number, description) VALUES (389, '2', 'Recognize the purpose and the three classifications of swimming ability groups in Scouting.');
INSERT INTO parts (group_id, number, description) VALUES (389, '3', 'Discuss the importance of learning the skills you need to know before going boating.');
INSERT INTO parts (group_id, number, description) VALUES (389, '4', 'Explain the meaning of “order of rescue” and demonstrate the reach and throw rescue techniques from land.');
INSERT INTO parts (group_id, number, description) VALUES (389, '5', 'Attempt the BSA swimmer test.');
INSERT INTO groups (_id, item_id, number, qty_required, notes) VALUES (390, 367, 2, 2, null);
INSERT INTO parts (group_id, number, description) VALUES (390, '6', 'Demonstrate the precautions you must take before attempting to dive headfirst into the water, and attempt a front surface dive.');
INSERT INTO parts (group_id, number, description) VALUES (390, '7', 'Learn and demonstrate two of the following strokes: crawl, sidestroke, breaststroke, or trudgen.');
INSERT INTO parts (group_id, number, description) VALUES (390, '8', 'Invite a member or former member of a lifeguard team, rescue squad, the U.S. Coast Guard, U.S. Navy, or other armed forces branch who has had swimming and rescue training to your den meeting. Find out what training and other experiences this person has had.');
INSERT INTO parts (group_id, number, description) VALUES (390, '9', 'Demonstrate how to correctly fasten a life jacket that is the right size for you. Jump into water over your head. Show how the life jacket keeps your head above water by swimming 25 feet. Get out of the water, remove the life jacket and hang it where it will dry.');
INSERT INTO parts (group_id, number, description) VALUES (390, '10', 'If you are a qualified swimmer, select a paddle of the proper size and paddle a canoe with an adult’s supervision.');
INSERT INTO items (_id, type, rank_id, number, title, image) VALUES (368, 'e', 6, '3', 'Art Explosion', 'art_explosion');
INSERT INTO groups (_id, item_id, number, qty_required, notes) VALUES (391, 368, 1, -1, null);
INSERT INTO parts (group_id, number, description) VALUES (391, '1', 'Visit an art museum, gallery, or exhibit. Discuss with an adult the art you saw. What did you like?');
INSERT INTO parts (group_id, number, description) VALUES (391, '2', 'Create two self-portraits using two different techniques, such as drawing, painting, printmaking, sculpture, and computer illustration.');
INSERT INTO parts (group_id, number, description) VALUES (391, '3', 'Do two of the following:\n    a. Draw or paint an original picture outdoors, using the art materials of your choice.\n    b. Use clay to sculpt a simple form.\n    c. Create an object using clay that can be fired, baked in the oven, or air-dried.\n    d. Create a freestanding sculpture or mobile using wood, metal, papier-mâché, or found or recycled objects.\n    e. Make a display of origami or kirigami projects.\n    f. Use a computer illustration or painting program to create a work of art.\n    g. Create an original logo or design. Transfer the design onto a T-shirt, hat, or other object.\n    h. Using a camera or other electronic device, take at least 10 photos of your family, a pet, or scenery. Use photo-editing software to crop, lighten or darken, and change some of the photos.\n    i. Create a comic strip with original characters. Include at least four panels to tell a story centered on one of the points of the Scout Law. Characters can be hand-drawn or computer-generated.');
INSERT INTO parts (group_id, number, description) VALUES (391, '4', 'Choose one of the following methods to show your artwork:\n    a. Create a hard-copy or digital portfolio of your projects. Share it with your family and members of your den or pack.\n    b. Display your artwork in a pack, school, or community art show.');
INSERT INTO items (_id, type, rank_id, number, title, image) VALUES (369, 'e', 6, '4', 'Aware and Care', 'aware_and_care');
INSERT INTO groups (_id, item_id, number, qty_required, notes) VALUES (392, 369, 1, -1, null);
INSERT INTO parts (group_id, number, description) VALUES (392, '1', 'Develop an awareness of the challenges of the blind through participation in an activity that simulates blindness.');
INSERT INTO parts (group_id, number, description) VALUES (392, '2', 'Participate in an activity that simulates severe visual impairment, but not blindness.');
INSERT INTO parts (group_id, number, description) VALUES (392, '3', 'Participate in an activity that simulates the challenges of being deaf or hard of hearing.');
INSERT INTO parts (group_id, number, description) VALUES (392, '4', 'Engage in an activity that simulates mobility impairment.');
INSERT INTO parts (group_id, number, description) VALUES (392, '5', 'Take part in an activity that simulates dexterity impairment.');
INSERT INTO parts (group_id, number, description) VALUES (392, '6', 'With your den, participate in an activity that focuses on the acceptance of differences in general.');
INSERT INTO parts (group_id, number, description) VALUES (392, '7', 'Do two of the following:\n    a. Do a Good Turn for residents at a skilled nursing facility or retirement community.\n    b. Invite an individual with a disability to visit your den, and discuss what activities he or she currently finds challenging or found challenging in the past.\n    c. Attend a disabilities event such as a Special Olympics competition, an adaptive sports event, a performance with sign language interpretation, or an activity with service dogs. Tell your den what you thought about the experience.\n    d. Talk to someone who works with people who have disabilities. Ask that person what they do and how he or she helps people with disabilities.\n    e. Using American Sign Language, sign the Scout Oath.\n    f. With the help of an adult, contact a service dog organization, and learn the entire process from pup training to assignment to a client.\n    g. Participate in a service project that focuses on a specific disability.\n    h. Participate in an activity with an organization whose members are disabled.');
INSERT INTO items (_id, type, rank_id, number, title, image) VALUES (370, 'e', 6, '5', 'Build It', 'build_it');
INSERT INTO groups (_id, item_id, number, qty_required, notes) VALUES (393, 370, 1, -1, null);
INSERT INTO parts (group_id, number, description) VALUES (393, '1', 'Learn about some basic tools and the proper use of each tool. Learn about and understand the need for safety when you work with tools.');
INSERT INTO parts (group_id, number, description) VALUES (393, '2', 'With the guidance of your Webelos den leader, parent, or guardian, select a carpentry project and build it.');
INSERT INTO parts (group_id, number, description) VALUES (393, '3', 'List the tools that you use safely as you build your project; create a list of materials needed to build your project.');
INSERT INTO parts (group_id, number, description) VALUES (393, '4', 'Put a check mark next to the tools on your list that you used for the first time.');
INSERT INTO parts (group_id, number, description) VALUES (393, '5', 'Learn about a construction career. With your Webelos den leader, parent, or guardian, visit a construction site, and interview someone working in a construction career.');
INSERT INTO items (_id, type, rank_id, number, title, image) VALUES (371, 'e', 6, '6', 'Build My Own Hero', 'build_my_own_hero');
INSERT INTO groups (_id, item_id, number, qty_required, notes) VALUES (394, 371, 1, -1, null);
INSERT INTO parts (group_id, number, description) VALUES (394, '1', 'Discover what it means to be a hero. Invite a local hero to meet with your den.');
INSERT INTO parts (group_id, number, description) VALUES (394, '2', 'Identify how citizens can be heroes in their communities.');
INSERT INTO parts (group_id, number, description) VALUES (394, '3', 'Recognize a hero in your community by presenting him or her with a “My Hero Award.”');
INSERT INTO parts (group_id, number, description) VALUES (394, '4', 'Learn about a real-life hero from another part of the world who has helped the world be a better place.');
INSERT INTO parts (group_id, number, description) VALUES (394, '5', 'Learn about a Scout hero.');
INSERT INTO parts (group_id, number, description) VALUES (394, '6', 'Create your own superhero.');
INSERT INTO items (_id, type, rank_id, number, title, image) VALUES (372, 'e', 6, '7', 'Castaway', 'castaway');
INSERT INTO groups (_id, item_id, number, qty_required, notes) VALUES (395, 372, 1, -1, null);
INSERT INTO parts (group_id, number, description) VALUES (395, '1', 'Do two of these:\n    a. With the help of an adult, demonstrate one way to light a fire without using matches.\n    b. On a campout with your den or family, cook two different recipes that do not require pots and pans. If your chartered organization does not permit Cub Scout camping, you may substitute a family campout or a daylong outdoor activity with your den or pack.\n    c. Using tree limbs or branches that have already fallen or been cut, build a shelter that will protect you overnight.');
INSERT INTO parts (group_id, number, description) VALUES (395, '2', 'Do ALL of these:\n    a. Learn what items should be in an outdoor survival kit that you can carry in a small bag or box that easily fits in a day pack. Assemble your own small survival kit, and explain to your den leader why the items you chose are important for survival.\n    b. Show you can live “off the grid” by minimizing your use of electricity for one week. Keep a log of what you did. Discuss with your den members how you adjusted to this lifestyle.\n    c. With your den, invent a game that can be played without using electricity and using minimal equipment or simple items.\n    d. Name your game, write down the rules once you have decided on them, then play the game at two different den meetings or outings.\n    e. Teach your game to the members of your pack or other Scouts.\n    f. With your den, demonstrate two different ways to treat drinking water to remove impurities.\n    g. Discuss what to do if you become lost in the woods. Tell what the letters “S-T-O-P” stand for. Tell what the universal emergency signal is. Describe three ways to signal for help. Demonstrate one of them. Describe what you can do you do to help rescuers find you.\n    h. Make a list of four qualities you think a leader should have in an emergency and why they are important to have. Pick two of them, and act them out for your den. Describe how each relates to a point of the Scout Law. Describe how working on this adventure gave you a better understanding of the Boy Scout motto.');
INSERT INTO items (_id, type, rank_id, number, title, image) VALUES (373, 'e', 6, '8', 'Earth Rocks!', 'earth_rocks');
INSERT INTO groups (_id, item_id, number, qty_required, notes) VALUES (396, 373, 1, -1, null);
INSERT INTO parts (group_id, number, description) VALUES (396, '1', 'Do the following:\n    a. Explain the meaning of the word “geology.”\n    b. Explain why this kind of science is an important part of your world.\n    c. Share with your family or with your den what you learned about themeaning of geology.');
INSERT INTO parts (group_id, number, description) VALUES (396, '2', 'Look for different kinds of rocks or minerals while on a rock hunt with your family or your den.');
INSERT INTO parts (group_id, number, description) VALUES (396, '3', 'Do the following:\n    a. Identify the rocks you see on your rock hunt. Use the chart in your handbook that shows the three kinds of rocks and describes minerals to determine which types of rocks you have collected.\n    b. With a magnifying glass, take a closer look at your collection. Determine any differences between your specimens.\n    c. Share what you see with your family or den.');
INSERT INTO parts (group_id, number, description) VALUES (396, '4', 'Do the following:\n    a. With your family or den, make a mineral test kit, and test rocks according to the Mohs scale of mineral hardness.\n    b. Record the results in your handbook.');
INSERT INTO parts (group_id, number, description) VALUES (396, '5', 'With your family or den, identify on a road map of your state some geological features in your area.');
INSERT INTO parts (group_id, number, description) VALUES (396, '6', 'Do the following:\n    a. Identify some of the geological building materials used in building your home.\n    b. Identify some of the geological materials used around your community.\n    c. Record the items you find.');
INSERT INTO parts (group_id, number, description) VALUES (396, '7', 'Do either 7a or 7b:\n    a. Go on an outing with your family or den to one of the nearby locations you discovered on your state map, and record what you see as you look at the geographical surroundings. Share with your family or den while on this outing what you notice that might change this location in the future (wind, water, ice, drought, erosion).\n    b. Do the following:\n        i. With your family or your den, visit with a geologist or earth scientist and discover the many career fields that are included in the science of geology.\n        ii. Ask the geologist or earth scientist about the importance of fossils that are found.\n        iii. Ask the geologist or earth scientist what you can do to help preserve our natural resources.');
INSERT INTO parts (group_id, number, description) VALUES (396, '8', 'Do at least one earth science demonstration or investigation with your den or with adult supervision, and explore geology in action.');
INSERT INTO items (_id, type, rank_id, number, title, image) VALUES (374, 'e', 6, '9', 'Engineer', 'engineer');
INSERT INTO groups (_id, item_id, number, qty_required, notes) VALUES (397, 374, 1, -1, null);
INSERT INTO parts (group_id, number, description) VALUES (397, '1', 'Pick one type of engineer. With the help of the Internet, your local library, or a local engineer you may know or locate, discover and record in your book three things that describe what that engineer does. (Be sure to have your Webelos den leader, parent, or guardian’s permission to use the Internet.) Share your findings with your Webelos den.');
INSERT INTO parts (group_id, number, description) VALUES (397, '2', 'Learn to follow engineering design principles by doing the following:\n    a. Examine a set of blueprints. Using these as a model, construct your own set of blueprints or plans to design a project.\n    b. Using the blueprints or plans from your own design, construct your project. Your project may be something useful or something fun.\n    c. Share your project with your Webelos den and your pack by displaying the project at a pack meeting.');
INSERT INTO parts (group_id, number, description) VALUES (397, '3', 'Explore other fields of engineering and how they have helped form our past, present, and future.');
INSERT INTO parts (group_id, number, description) VALUES (397, '4', 'Pick and do two projects using the engineering skills you have learned. Share your projects with your den, and also exhibit them at a pack meeting.');
INSERT INTO items (_id, type, rank_id, number, title, image) VALUES (375, 'e', 6, '10', 'Fix It', 'fix_it');
INSERT INTO groups (_id, item_id, number, qty_required, notes) VALUES (398, 375, 1, -1, null);
INSERT INTO parts (group_id, number, description) VALUES (398, '1', 'Put a Fix-It Toolbox together. Describe what each item in your toolbox can be used for. Show how to use three of the tools safely.');
INSERT INTO parts (group_id, number, description) VALUES (398, '2', 'Be ready. With the help of an adult in your family, do the following:\n    a. Locate the electrical panel in your home. Determine if the electrical panel has fuses or breakers.\n    b. Determine what sort of heat is used to heat your home.\n    c. Learn what you would do to shut off the water for a sink, a toilet, a washing machine, or a water heater. If there is a main shut-off valve for your home, show where it is located.');
INSERT INTO parts (group_id, number, description) VALUES (398, '3', 'Describe to your Webelos den leader how to fix or make safe the following circumstances with help from an adult:\n    a. A toilet is overflowing.\n    b. The kitchen sink is clogged.\n    c. A circuit breaker tripped, causing some of the lights to go out.');
INSERT INTO parts (group_id, number, description) VALUES (398, '4', 'Let’s Fix It. Select and do eight of the following. You will need an adult’s supervision for each of these Fix-It projects:\n    a. Show how to change a light bulb in a lamp or fixture. Determine the type of light bulb and how to properly dispose of it.\n    b. Fix a squeaky door or cabinet hinge.\n    c. Tighten a loose handle or knob on a cabinet or a piece of furniture.\n    d. Demonstrate how to stop a toilet from running.\n    e. Replace a furnace filter.\n    f. Wash a car.\n    g. Check the oil level and tire pressure in a car.\n    h. Show how to replace a bulb in a taillight, turn signal, or parking light, or replace a headlight in a car.\n    i. Help an adult change a tire on a car.\n    j. Make a repair to a bicycle, such as adjusting or lubricating the chain, inflating the tires, fixing a flat, or adjusting the seat or handlebars.\n    k. Replace the wheels on a skateboard, a scooter, or a pair of inline skates.\n    l. Help an adult prepare and paint a room.\n    m. Help an adult replace or repair a wall or floor tile.\n    n. Help an adult install or repair a window or door lock.\n    o. Help an adult fix a slow or clogged sink drain.\n    p. Help an adult install or repair a mailbox.\n    q. Change the battery in a smoke detector or a carbon monoxide detector, and test its operation.\n    r. Help an adult fix a leaky faucet.\n    s. Find wall studs, and help an adult hang a curtain rod or a picture.\n    t. Take an old item, such as a small piece of furniture, a broken toy, or a picture frame, and rebuild and/or refinish it. Show your work to an adult or your Webelos leader.\n    u. Do a Fix-It project agreed upon with your parent.');
INSERT INTO items (_id, type, rank_id, number, title, image) VALUES (376, 'e', 6, '11', 'Game Design', 'game_design');
INSERT INTO groups (_id, item_id, number, qty_required, notes) VALUES (399, 376, 1, -1, null);
INSERT INTO parts (group_id, number, description) VALUES (399, '1', 'Decide on the elements for your game.');
INSERT INTO parts (group_id, number, description) VALUES (399, '2', 'List at least five of the online safety rules that you put into practice while using the Internet on your computer or smartphone. Skip this if your Cyber Chip is current.');
INSERT INTO parts (group_id, number, description) VALUES (399, '3', 'Create your game.');
INSERT INTO parts (group_id, number, description) VALUES (399, '4', 'Teach an adult or another Scout how to play your game.');
INSERT INTO items (_id, type, rank_id, number, title, image) VALUES (377, 'e', 6, '12', 'Into the Wild', 'into_the_wild');
INSERT INTO groups (_id, item_id, number, qty_required, notes) VALUES (400, 377, 1, 6, null);
INSERT INTO parts (group_id, number, description) VALUES (400, '1', 'Collect and care for an “insect, amphibian, or reptile zoo.” You might have crickets, ants, grasshoppers, a lizard, or a toad. Study them for a while and then let them go. Share your experience with your Webelos den.');
INSERT INTO parts (group_id, number, description) VALUES (400, '2', 'Set up an aquarium or terrarium. Keep it for at least a month. Share your experience with your Webelos den by showing them photos or drawings of your project or by having them visit to see your project.');
INSERT INTO parts (group_id, number, description) VALUES (400, '3', 'Watch for birds in your yard, neighborhood, or town for one week. Identify the birds you see, and write down where and when you saw them.');
INSERT INTO parts (group_id, number, description) VALUES (400, '4', 'Learn about the bird flyways closest to your home. Find out which birds use these flyways.');
INSERT INTO parts (group_id, number, description) VALUES (400, '5', 'Watch at least four wild creatures (reptiles, amphibians, arachnids, fish, insects, or mammals) in the wild. Describe the kind of place (forest, field, marsh, yard, or park) where you saw them. Tell what they were doing.');
INSERT INTO parts (group_id, number, description) VALUES (400, '6', 'Identify an insect, reptile, bird, or wild animal that is found only in your area of the country. Tell why it survives in your area.');
INSERT INTO parts (group_id, number, description) VALUES (400, '7', 'Give examples of at least two of the following:\n    a. A producer, a consumer, and a decomposer in the food chain of an ecosystem\n    b. One way humans have changed the balance of nature\n    c. How you can help protect the balance of nature');
INSERT INTO parts (group_id, number, description) VALUES (400, '8', 'Learn about aquatic ecosystems and wetlands in your area. Talk with your Webelos den leader or family about the important role aquatic ecosystems and wetlands play in supporting life cycles of wildlife and humans, and list three ways you can help.');
INSERT INTO parts (group_id, number, description) VALUES (400, '9', 'Do ONE of the following:\n    a. Visit a museum of natural history, a nature center, or a zoo with your family, Webelos den, or pack. Tell what you saw.\n    b. Create a video of a wild creature doing something interesting, and share it with your family and den.');
INSERT INTO items (_id, type, rank_id, number, title, image) VALUES (378, 'e', 6, '13', 'Into the Woods', 'into_the_woods');
INSERT INTO groups (_id, item_id, number, qty_required, notes) VALUES (401, 378, 1, -1, null);
INSERT INTO parts (group_id, number, description) VALUES (401, '1', 'Identify two different groups of trees and the parts of a tree.');
INSERT INTO parts (group_id, number, description) VALUES (401, '2', 'Identify six trees common to the area where you live. Tell whether they are native to your area. Tell how both wildlife and humans use them.');
INSERT INTO parts (group_id, number, description) VALUES (401, '3', 'Identify six plants common to the area where you live. Tell which animals use them and for what purpose.');
INSERT INTO parts (group_id, number, description) VALUES (401, '4', 'Visit a nature center, nursery, tree farm, or park, and speak with someone knowledgeable about trees and plants that are native to your area. Explain how plants and trees are important to our ecosystem and how they improve our environment.');
INSERT INTO parts (group_id, number, description) VALUES (401, '5', 'Develop a plan to care for and then plant at least one plant or tree, either indoors in a pot or outdoors. Tell how this plant or tree helps the environment in which it is planted and what the plant or tree will be used for.');
INSERT INTO parts (group_id, number, description) VALUES (401, '6', 'Make a list of items in your home that are made from wood and share it with your den. Or with your den, take a walk and identify useful things made from wood.');
INSERT INTO parts (group_id, number, description) VALUES (401, '7', 'Explain how the growth rings of a tree trunk tell its life story. Describe different types of tree bark and explain what the bark does for the tree.');
INSERT INTO items (_id, type, rank_id, number, title, image) VALUES (379, 'e', 6, '14', 'Looking Back, Looking Forward', 'looking_back_looking_forward');
INSERT INTO groups (_id, item_id, number, qty_required, notes) VALUES (402, 379, 1, -1, null);
INSERT INTO parts (group_id, number, description) VALUES (402, '1', 'Create a record of the history of Scouting and your place in that history.');
INSERT INTO parts (group_id, number, description) VALUES (402, '2', 'With the help of your den leader, parent, or guardian and with your choice of media, go on a virtual journey to the past and create a timeline.');
INSERT INTO parts (group_id, number, description) VALUES (402, '3', 'Create your own time capsule.');
INSERT INTO items (_id, type, rank_id, number, title, image) VALUES (380, 'e', 6, '15', 'Maestro!', 'maestro');
INSERT INTO groups (_id, item_id, number, qty_required, notes) VALUES (403, 380, 1, -1, null);
INSERT INTO parts (group_id, number, description) VALUES (403, '1', 'Do a or b:\n    a. Attend a live musical performance.\n    b. Visit a facility that uses a sound mixer, and learn how it is used.');
INSERT INTO parts (group_id, number, description) VALUES (403, '2', 'Do two of the following:\n    a. Make a musical instrument. Play it for your family, den, or pack.\n    b. Form a “band” with your den. Each member creates his own homemade musical instrument. Perform for your pack at a pack meeting.\n    c. Play two tunes on any band or orchestra instrument.');
INSERT INTO parts (group_id, number, description) VALUES (403, '3', 'Do two of the following:\n    a. Teach your den the words and melody of a song. Perform the song with your den at your den or pack meeting.\n    b. Create original words for a song. Perform it at your den or pack meeting.\n    c. Collaborate with your den to compose a den theme song. Perform it at your pack meeting.\n    d. Write a song with words and music that expresses your feelings about an issue, a person, something you are learning, a point of the Scout Law, etc. Perform it at your den or pack meeting, alone or with a group.\n    e. Perform a musical number by yourself or with your Webelos den in front of an audience.');
INSERT INTO items (_id, type, rank_id, number, title, image) VALUES (381, 'e', 6, '16', 'Moviemaking', 'moviemaking');
INSERT INTO groups (_id, item_id, number, qty_required, notes) VALUES (404, 381, 1, -1, null);
INSERT INTO parts (group_id, number, description) VALUES (404, '1', 'Write a story outline describing a real or imaginary Scouting adventure. Create a pictured storyboard that shows your story.');
INSERT INTO parts (group_id, number, description) VALUES (404, '2', 'Create either an animated or live action movie about yourself. Your movie should depict how you live by the Scout Oath and Law.');
INSERT INTO parts (group_id, number, description) VALUES (404, '3', 'Share your movie with your family, den, or pack.');
INSERT INTO items (_id, type, rank_id, number, title, image) VALUES (382, 'e', 6, '17', 'Project Family', 'project_family');
INSERT INTO groups (_id, item_id, number, qty_required, notes) VALUES (405, 382, 1, -1, null);
INSERT INTO parts (group_id, number, description) VALUES (405, '1', 'Interview a grandparent, another family elder, or a family friend about what life was like when he or she was growing up. Share his or her story with another family member.');
INSERT INTO parts (group_id, number, description) VALUES (405, '2', 'Talk with members of your family about your family name, history, traditions, and culture. Create a family tree of three generations, or make a poster or Web page that shows the origins of your ancestors. Or choose a special celebration or holiday that your family participates in, and create either a poster, picture, or photo slideshow of it. Share this project with your den.');
INSERT INTO parts (group_id, number, description) VALUES (405, '3', 'Show your understanding of your duty to family by creating a chart listing the jobs that you and other family members have at home. Choose three of the jobs you are responsible for, and chart them for two weeks.');
INSERT INTO parts (group_id, number, description) VALUES (405, '4', 'Select ONE of the jobs below that belongs to another family member, and help that person complete it:\n    a. Create a grocery shopping list for the week.\n    b. Complete the laundry for your family one time.\n    c. Help prepare meals for your family for one day.');
INSERT INTO parts (group_id, number, description) VALUES (405, '5', 'Create a list of community service or conservation projects that you and your family can do together, and present it to your family. Select one project, plan it, and complete it with your family.');
INSERT INTO groups (_id, item_id, number, qty_required, notes) VALUES (406, 382, 2, 2, null);
INSERT INTO parts (group_id, number, description) VALUES (406, '6', 'With the help of an adult, inspect your home and its surroundings. Make a list of hazards or security problems you find. Correct one problem you found, and tell what you did.');
INSERT INTO parts (group_id, number, description) VALUES (406, '7', 'Hold a family meeting to plan an exciting family activity. The activity could include:\n    a. A family reunion\n    b. A family night\n    c. A family outing');
INSERT INTO parts (group_id, number, description) VALUES (406, '8', 'Have your family event. Afterward, tell your parent or guardian what you liked best about the event.');
INSERT INTO items (_id, type, rank_id, number, title, image) VALUES (383, 'e', 6, '18', 'Sportsman', 'sportsman');
INSERT INTO groups (_id, item_id, number, qty_required, notes) VALUES (407, 383, 1, -1, null);
INSERT INTO parts (group_id, number, description) VALUES (407, '1', 'Show the signals used by officials in one of these sports: football, basketball, baseball, soccer, or hockey.');
INSERT INTO parts (group_id, number, description) VALUES (407, '2', 'While you are a Webelos Scout, participate in two individual sports.');
INSERT INTO parts (group_id, number, description) VALUES (407, '3', 'While you are a Webelos Scout, play two team sports.');
INSERT INTO parts (group_id, number, description) VALUES (407, '4', 'Complete the following requirements:\n    a. Explain what good sportsmanship means.\n    b. Role-play a situation that demonstrates good sportsmanship.\n    c. Give an example of a time when you experienced or saw someone showing good sportsmanship.');

UPDATE items SET hidden = 0;
UPDATE items SET hidden = 1 WHERE type in ('A','E','Ls','La','Ps','Pa');
